"Var1"	"Var2"	"weight"
"1"	"ph_1061"	"AACY020068177"	0.85553418624813
"2"	"ph_1258"	"AACY020207233"	0.805575048128395
"3"	"ph_3164"	"AACY020207233"	0.81225172244631
"4"	"ph_1033"	"AACY020255495"	0.84874981445782
"5"	"ph_10996"	"AACY020255495"	0.873461673087275
"6"	"ph_11038"	"AACY020255495"	0.874078156262529
"7"	"ph_11040"	"AACY020255495"	0.811031194581001
"8"	"ph_11048"	"AACY020255495"	0.874120507243604
"9"	"ph_11096"	"AACY020255495"	0.873305397265996
"10"	"ph_1113"	"AACY020255495"	0.8253919843436
"11"	"ph_1208"	"AACY020255495"	0.827520476434748
"12"	"ph_13207"	"AACY020255495"	0.868515009541637
"13"	"ph_1346"	"AACY020255495"	0.866928260087016
"14"	"ph_14679"	"AACY020255495"	0.821371988348632
"15"	"ph_1572"	"AACY020255495"	0.819159619364335
"16"	"ph_16045"	"AACY020255495"	0.873548545672277
"17"	"ph_1909"	"AACY020255495"	0.874953384727289
"18"	"ph_1918"	"AACY020255495"	0.806599006143484
"19"	"ph_19894"	"AACY020255495"	0.874034614484808
"20"	"ph_2117"	"AACY020255495"	0.867888850960465
"21"	"ph_2231"	"AACY020255495"	0.85412419583607
"22"	"ph_2363"	"AACY020255495"	0.876429447512775
"23"	"ph_276"	"AACY020255495"	0.907186833391138
"24"	"ph_2775"	"AACY020255495"	0.819034937195923
"25"	"ph_2798"	"AACY020255495"	0.844333577167759
"26"	"ph_3217"	"AACY020255495"	0.876895544614449
"27"	"ph_3336"	"AACY020255495"	0.899382113219733
"28"	"ph_3493"	"AACY020255495"	0.889635473833785
"29"	"ph_3541"	"AACY020255495"	0.835182152990403
"30"	"ph_3892"	"AACY020255495"	0.908301022930668
"31"	"ph_4194"	"AACY020255495"	0.874702742381538
"32"	"ph_4602"	"AACY020255495"	0.897931079539096
"33"	"ph_4678"	"AACY020255495"	0.873829529890359
"34"	"ph_484"	"AACY020255495"	0.87992388850941
"35"	"ph_4993"	"AACY020255495"	0.870860217950178
"36"	"ph_4999"	"AACY020255495"	0.858606530043193
"37"	"ph_5001"	"AACY020255495"	0.867714859942309
"38"	"ph_5010"	"AACY020255495"	0.823326728070635
"39"	"ph_5286"	"AACY020255495"	0.873387490261711
"40"	"ph_5287"	"AACY020255495"	0.847904056796561
"41"	"ph_5302"	"AACY020255495"	0.870464503952007
"42"	"ph_5321"	"AACY020255495"	0.873564644698113
"43"	"ph_5643"	"AACY020255495"	0.875365323283628
"44"	"ph_6441"	"AACY020255495"	0.848416419682482
"45"	"ph_654"	"AACY020255495"	0.835263573996093
"46"	"ph_6954"	"AACY020255495"	0.893699101205152
"47"	"ph_7389"	"AACY020255495"	0.860014122049322
"48"	"ph_7920"	"AACY020255495"	0.876710805993637
"49"	"ph_8039"	"AACY020255495"	0.870636585927923
"50"	"ph_8695"	"AACY020255495"	0.868112463134419
"51"	"ph_987"	"AACY020255495"	0.810425753241271
"52"	"ph_10377"	"AACY020288370"	0.934849946826533
"53"	"ph_10798"	"AACY020288370"	0.816083856494804
"54"	"ph_10931"	"AACY020288370"	0.836376608435001
"55"	"ph_11135"	"AACY020288370"	0.850219735625106
"56"	"ph_11307"	"AACY020288370"	0.853095559722036
"57"	"ph_1149"	"AACY020288370"	0.850067018284713
"58"	"ph_1150"	"AACY020288370"	0.907547207524063
"59"	"ph_12630"	"AACY020288370"	0.89978762489303
"60"	"ph_13413"	"AACY020288370"	0.801735812377419
"61"	"ph_1347"	"AACY020288370"	0.85318050105689
"62"	"ph_1388"	"AACY020288370"	0.845003161606714
"63"	"ph_1522"	"AACY020288370"	0.855396158642536
"64"	"ph_15307"	"AACY020288370"	0.936814993988676
"65"	"ph_16266"	"AACY020288370"	0.825153280874365
"66"	"ph_1641"	"AACY020288370"	0.84050430966297
"67"	"ph_1837"	"AACY020288370"	0.815175191143274
"68"	"ph_2064"	"AACY020288370"	0.825038713338993
"69"	"ph_2323"	"AACY020288370"	0.94731168710363
"70"	"ph_2624"	"AACY020288370"	0.80978568553268
"71"	"ph_3762"	"AACY020288370"	0.897844842536563
"72"	"ph_5861"	"AACY020288370"	0.894452297080422
"73"	"ph_5983"	"AACY020288370"	0.821694843308483
"74"	"ph_627"	"AACY020288370"	0.841405999812153
"75"	"ph_7172"	"AACY020288370"	0.897284742526127
"76"	"ph_747"	"AACY020288370"	0.839830973570319
"77"	"ph_893"	"AACY020288370"	0.926442522607477
"78"	"ph_946"	"AACY020288370"	0.84401478238145
"79"	"ph_947"	"AACY020288370"	0.845563231235036
"80"	"ph_1018"	"AACY020396101"	0.803879140000452
"81"	"ph_1120"	"AACY020396101"	0.802158334614032
"82"	"ph_12634"	"AACY020396101"	0.80297269640177
"83"	"ph_13890"	"AACY020396101"	0.810845088291367
"84"	"ph_1487"	"AACY020396101"	0.844786957715927
"85"	"ph_25338"	"AACY020396101"	0.815622817892237
"86"	"ph_25342"	"AACY020396101"	0.825874898629154
"87"	"ph_2560"	"AACY020396101"	0.823123639762937
"88"	"ph_2698"	"AACY020396101"	0.805745043801313
"89"	"ph_27069"	"AACY020396101"	0.833619434478372
"90"	"ph_2840"	"AACY020396101"	0.810962577349846
"91"	"ph_3301"	"AACY020396101"	0.853295272075733
"92"	"ph_3840"	"AACY020396101"	0.812840238909052
"93"	"ph_4054"	"AACY020396101"	0.832556322878637
"94"	"ph_4558"	"AACY020396101"	0.825602433702189
"95"	"ph_4841"	"AACY020396101"	0.811559121329212
"96"	"ph_5893"	"AACY020396101"	0.813570325310555
"97"	"ph_6280"	"AACY020396101"	0.816967778720467
"98"	"ph_8345"	"AACY020396101"	0.812198873867566
"99"	"ph_864"	"AACY020396101"	0.845396617078263
"100"	"ph_8962"	"AACY020396101"	0.803670302948824
"101"	"ph_8990"	"AACY020396101"	0.807797673223046
"102"	"ph_945"	"AACY020396101"	0.800306135632448
"103"	"ph_1033"	"AACY020398456"	0.865571041042683
"104"	"ph_1060"	"AACY020398456"	0.830513661004918
"105"	"ph_10996"	"AACY020398456"	0.882379429476185
"106"	"ph_11038"	"AACY020398456"	0.878756257288708
"107"	"ph_11040"	"AACY020398456"	0.902920099813956
"108"	"ph_11048"	"AACY020398456"	0.879438957720393
"109"	"ph_11096"	"AACY020398456"	0.881346188471532
"110"	"ph_1113"	"AACY020398456"	0.821515028647404
"111"	"ph_1208"	"AACY020398456"	0.897716048399411
"112"	"ph_1313"	"AACY020398456"	0.83377198870762
"113"	"ph_13136"	"AACY020398456"	0.851848088236443
"114"	"ph_13207"	"AACY020398456"	0.902060187785081
"115"	"ph_1346"	"AACY020398456"	0.862340927064353
"116"	"ph_14679"	"AACY020398456"	0.898873072232304
"117"	"ph_1469"	"AACY020398456"	0.847818087810863
"118"	"ph_1572"	"AACY020398456"	0.817097309102763
"119"	"ph_16045"	"AACY020398456"	0.878020640406853
"120"	"ph_1909"	"AACY020398456"	0.880547514952203
"121"	"ph_1918"	"AACY020398456"	0.865562201961429
"122"	"ph_19894"	"AACY020398456"	0.882063146135341
"123"	"ph_2087"	"AACY020398456"	0.890114132227665
"124"	"ph_2117"	"AACY020398456"	0.868117325218151
"125"	"ph_2231"	"AACY020398456"	0.844439151760776
"126"	"ph_2346"	"AACY020398456"	0.822464400634781
"127"	"ph_2363"	"AACY020398456"	0.905902767642535
"128"	"ph_276"	"AACY020398456"	0.894035170426969
"129"	"ph_2773"	"AACY020398456"	0.812020363793592
"130"	"ph_2775"	"AACY020398456"	0.883976738076485
"131"	"ph_2798"	"AACY020398456"	0.844710109053909
"132"	"ph_3217"	"AACY020398456"	0.881573317246575
"133"	"ph_3336"	"AACY020398456"	0.915100468572291
"134"	"ph_3493"	"AACY020398456"	0.886924853367675
"135"	"ph_3541"	"AACY020398456"	0.846632698608174
"136"	"ph_3892"	"AACY020398456"	0.886722450796528
"137"	"ph_4194"	"AACY020398456"	0.902001068066305
"138"	"ph_4602"	"AACY020398456"	0.894899360674797
"139"	"ph_4646"	"AACY020398456"	0.82232785355783
"140"	"ph_4678"	"AACY020398456"	0.877768027403121
"141"	"ph_4687"	"AACY020398456"	0.81952713959132
"142"	"ph_484"	"AACY020398456"	0.883294685746703
"143"	"ph_4993"	"AACY020398456"	0.871599522318858
"144"	"ph_4999"	"AACY020398456"	0.851295968615491
"145"	"ph_5001"	"AACY020398456"	0.90220432892235
"146"	"ph_5010"	"AACY020398456"	0.854496077916908
"147"	"ph_5286"	"AACY020398456"	0.9066925941617
"148"	"ph_5287"	"AACY020398456"	0.870495491655608
"149"	"ph_5302"	"AACY020398456"	0.89723224950511
"150"	"ph_5321"	"AACY020398456"	0.881718966513331
"151"	"ph_5617"	"AACY020398456"	0.865311184127171
"152"	"ph_5643"	"AACY020398456"	0.879973661726916
"153"	"ph_5668"	"AACY020398456"	0.838851420411547
"154"	"ph_6025"	"AACY020398456"	0.850661813376886
"155"	"ph_6441"	"AACY020398456"	0.837257138390976
"156"	"ph_646"	"AACY020398456"	0.818182523647002
"157"	"ph_654"	"AACY020398456"	0.863094355893541
"158"	"ph_6954"	"AACY020398456"	0.895695661277303
"159"	"ph_7389"	"AACY020398456"	0.867961202724499
"160"	"ph_7920"	"AACY020398456"	0.885647766086368
"161"	"ph_8039"	"AACY020398456"	0.866558484558715
"162"	"ph_8695"	"AACY020398456"	0.866052143332505
"163"	"ph_987"	"AACY020398456"	0.839031676954556
"164"	"ph_1033"	"AACY020481938"	0.881331135664175
"165"	"ph_1060"	"AACY020481938"	0.862048357616063
"166"	"ph_10996"	"AACY020481938"	0.826895880823674
"167"	"ph_11038"	"AACY020481938"	0.814125282820219
"168"	"ph_11040"	"AACY020481938"	0.881627815170131
"169"	"ph_11048"	"AACY020481938"	0.813137761941893
"170"	"ph_11096"	"AACY020481938"	0.819771871252552
"171"	"ph_1208"	"AACY020481938"	0.879751802249863
"172"	"ph_1313"	"AACY020481938"	0.903030534296769
"173"	"ph_13136"	"AACY020481938"	0.894961603996688
"174"	"ph_13207"	"AACY020481938"	0.853395713149046
"175"	"ph_1346"	"AACY020481938"	0.808746161532506
"176"	"ph_1376"	"AACY020481938"	0.80685333929584
"177"	"ph_1402"	"AACY020481938"	0.827653364993198
"178"	"ph_1422"	"AACY020481938"	0.800154373645282
"179"	"ph_14679"	"AACY020481938"	0.889599804073369
"180"	"ph_1469"	"AACY020481938"	0.894460293261929
"181"	"ph_16045"	"AACY020481938"	0.814596560586444
"182"	"ph_1909"	"AACY020481938"	0.840104819513975
"183"	"ph_1918"	"AACY020481938"	0.877169840248409
"184"	"ph_19894"	"AACY020481938"	0.812334454289321
"185"	"ph_2087"	"AACY020481938"	0.876491655568315
"186"	"ph_2117"	"AACY020481938"	0.805073795059553
"187"	"ph_2231"	"AACY020481938"	0.812629061473745
"188"	"ph_2346"	"AACY020481938"	0.915479154419919
"189"	"ph_2363"	"AACY020481938"	0.801881004866151
"190"	"ph_2773"	"AACY020481938"	0.878098072911294
"191"	"ph_2775"	"AACY020481938"	0.934895692057874
"192"	"ph_2798"	"AACY020481938"	0.822059689095128
"193"	"ph_3201"	"AACY020481938"	0.846712791139023
"194"	"ph_3217"	"AACY020481938"	0.824673137522023
"195"	"ph_3233"	"AACY020481938"	0.811239900958445
"196"	"ph_3336"	"AACY020481938"	0.850940563156469
"197"	"ph_3368"	"AACY020481938"	0.869911762655705
"198"	"ph_3493"	"AACY020481938"	0.810917309967214
"199"	"ph_3530"	"AACY020481938"	0.891548425462728
"200"	"ph_3541"	"AACY020481938"	0.854261043848829
"201"	"ph_3892"	"AACY020481938"	0.835697476944716
"202"	"ph_4194"	"AACY020481938"	0.807871744843962
"203"	"ph_4602"	"AACY020481938"	0.831647068350871
"204"	"ph_4646"	"AACY020481938"	0.882667657100787
"205"	"ph_4678"	"AACY020481938"	0.81421821353132
"206"	"ph_4687"	"AACY020481938"	0.864926202300586
"207"	"ph_484"	"AACY020481938"	0.807526879982868
"208"	"ph_4993"	"AACY020481938"	0.82008324469861
"209"	"ph_4999"	"AACY020481938"	0.815887627431019
"210"	"ph_5001"	"AACY020481938"	0.848527651002633
"211"	"ph_5010"	"AACY020481938"	0.857007592833528
"212"	"ph_5286"	"AACY020481938"	0.858498949163532
"213"	"ph_5287"	"AACY020481938"	0.868239130505923
"214"	"ph_5302"	"AACY020481938"	0.846013340720377
"215"	"ph_5321"	"AACY020481938"	0.812358332543886
"216"	"ph_5617"	"AACY020481938"	0.922234942419156
"217"	"ph_5643"	"AACY020481938"	0.826880295759434
"218"	"ph_5668"	"AACY020481938"	0.882369568584757
"219"	"ph_6025"	"AACY020481938"	0.922727514907072
"220"	"ph_6441"	"AACY020481938"	0.845223635845644
"221"	"ph_646"	"AACY020481938"	0.893863905126836
"222"	"ph_654"	"AACY020481938"	0.877930199184277
"223"	"ph_6954"	"AACY020481938"	0.832400830111975
"224"	"ph_7389"	"AACY020481938"	0.836034627132389
"225"	"ph_7920"	"AACY020481938"	0.819233927392288
"226"	"ph_8002"	"AACY020481938"	0.833035317451122
"227"	"ph_8039"	"AACY020481938"	0.815350396022089
"228"	"ph_8537"	"AACY020481938"	0.855799209309684
"229"	"ph_8695"	"AACY020481938"	0.818391543574855
"230"	"ph_1438"	"AACY020487638"	0.849026979732178
"231"	"ph_2877"	"AACY020487638"	0.824921766767276
"232"	"ph_6780"	"AACY020487638"	0.803206811517742
"233"	"ph_1077"	"AACY020549891"	0.952248242675152
"234"	"ph_1080"	"AACY020549891"	0.818889520025081
"235"	"ph_1237"	"AACY020549891"	0.882508577780236
"236"	"ph_1374"	"AACY020549891"	0.882538609468771
"237"	"ph_1561"	"AACY020549891"	0.95577072445099
"238"	"ph_1619"	"AACY020549891"	0.863916156562219
"239"	"ph_1779"	"AACY020549891"	0.802389823012455
"240"	"ph_1908"	"AACY020549891"	0.917292741171124
"241"	"ph_2105"	"AACY020549891"	0.893640664232776
"242"	"ph_2253"	"AACY020549891"	0.895809676027004
"243"	"ph_2254"	"AACY020549891"	0.875289414570414
"244"	"ph_2350"	"AACY020549891"	0.890903084187696
"245"	"ph_2626"	"AACY020549891"	0.934944306031305
"246"	"ph_2739"	"AACY020549891"	0.851902072742132
"247"	"ph_2911"	"AACY020549891"	0.908624744814533
"248"	"ph_2917"	"AACY020549891"	0.888804847472873
"249"	"ph_2919"	"AACY020549891"	0.965957674919911
"250"	"ph_2921"	"AACY020549891"	0.887869417290848
"251"	"ph_3066"	"AACY020549891"	0.935293335250383
"252"	"ph_3067"	"AACY020549891"	0.834184873217272
"253"	"ph_3070"	"AACY020549891"	0.879834367173305
"254"	"ph_318"	"AACY020549891"	0.942075067150091
"255"	"ph_3369"	"AACY020549891"	0.913476695998694
"256"	"ph_3530"	"AACY020549891"	0.827333165332938
"257"	"ph_3531"	"AACY020549891"	0.801983866227044
"258"	"ph_3534"	"AACY020549891"	0.82200906306129
"259"	"ph_4165"	"AACY020549891"	0.883270154598363
"260"	"ph_4379"	"AACY020549891"	0.935182796956481
"261"	"ph_4380"	"AACY020549891"	0.906227670816942
"262"	"ph_4381"	"AACY020549891"	0.822467843164874
"263"	"ph_4384"	"AACY020549891"	0.945897240241604
"264"	"ph_4386"	"AACY020549891"	0.9024363836218
"265"	"ph_4393"	"AACY020549891"	0.931938346968348
"266"	"ph_4946"	"AACY020549891"	0.891313719338511
"267"	"ph_509"	"AACY020549891"	0.938087560030437
"268"	"ph_5265"	"AACY020549891"	0.952921204947904
"269"	"ph_5625"	"AACY020549891"	0.882243642627536
"270"	"ph_5631"	"AACY020549891"	0.840905990197691
"271"	"ph_5642"	"AACY020549891"	0.848080091761267
"272"	"ph_5952"	"AACY020549891"	0.808809831598934
"273"	"ph_6011"	"AACY020549891"	0.944332551676803
"274"	"ph_6439"	"AACY020549891"	0.866656624389488
"275"	"ph_655"	"AACY020549891"	0.800467630644074
"276"	"ph_6800"	"AACY020549891"	0.81904245786866
"277"	"ph_6874"	"AACY020549891"	0.979187315951166
"278"	"ph_7371"	"AACY020549891"	0.83775927367942
"279"	"ph_9222"	"AACY020549891"	0.955724222065207
"280"	"ph_9245"	"AACY020549891"	0.812360460081549
"281"	"ph_9998"	"AACY020549891"	0.912428158941207
"282"	"ph_10744"	"AACY020555729"	0.848003733107297
"283"	"ph_10747"	"AACY020555729"	0.824061558766524
"284"	"ph_11724"	"AACY020555729"	0.821585312662638
"285"	"ph_11730"	"AACY020555729"	0.823723486430821
"286"	"ph_11846"	"AACY020555729"	0.869018349115022
"287"	"ph_12858"	"AACY020555729"	0.821716384370334
"288"	"ph_14208"	"AACY020555729"	0.824062464231954
"289"	"ph_14213"	"AACY020555729"	0.820995266018386
"290"	"ph_15651"	"AACY020555729"	0.819343197566727
"291"	"ph_15668"	"AACY020555729"	0.823739411964504
"292"	"ph_15681"	"AACY020555729"	0.822688338724863
"293"	"ph_17327"	"AACY020555729"	0.82321186422424
"294"	"ph_17340"	"AACY020555729"	0.826354609269211
"295"	"ph_17518"	"AACY020555729"	0.823016651801106
"296"	"ph_1880"	"AACY020555729"	0.876710363580218
"297"	"ph_2036"	"AACY020555729"	0.811161489457214
"298"	"ph_21378"	"AACY020555729"	0.820430540701457
"299"	"ph_2534"	"AACY020555729"	0.852700996865637
"300"	"ph_2612"	"AACY020555729"	0.834683845970966
"301"	"ph_2730"	"AACY020555729"	0.820968719017296
"302"	"ph_2878"	"AACY020555729"	0.887466239166585
"303"	"ph_3158"	"AACY020555729"	0.804046369872439
"304"	"ph_3318"	"AACY020555729"	0.837392419802903
"305"	"ph_3662"	"AACY020555729"	0.824089743675207
"306"	"ph_3866"	"AACY020555729"	0.823195592831197
"307"	"ph_4091"	"AACY020555729"	0.818259420716718
"308"	"ph_4314"	"AACY020555729"	0.833444085104334
"309"	"ph_4430"	"AACY020555729"	0.846877852068802
"310"	"ph_4745"	"AACY020555729"	0.883805139549865
"311"	"ph_4867"	"AACY020555729"	0.827877028490037
"312"	"ph_4869"	"AACY020555729"	0.893940881629
"313"	"ph_5921"	"AACY020555729"	0.805915536580867
"314"	"ph_5924"	"AACY020555729"	0.868289927830461
"315"	"ph_7792"	"AACY020555729"	0.820877614841675
"316"	"ph_8407"	"AACY020555729"	0.820464521154198
"317"	"ph_8419"	"AACY020555729"	0.810485667257224
"318"	"ph_9105"	"AACY020555729"	0.819901947201465
"319"	"ph_9110"	"AACY020555729"	0.926558299367297
"320"	"ph_9113"	"AACY020555729"	0.824006811061354
"321"	"ph_9879"	"AACY020555729"	0.828347046221255
"322"	"ph_9889"	"AACY020555729"	0.814443995416938
"323"	"ph_1046"	"AACY020562322"	0.86655396942829
"324"	"ph_10467"	"AACY020562322"	0.952087416737238
"325"	"ph_1128"	"AACY020562322"	0.956306580249384
"326"	"ph_11386"	"AACY020562322"	0.952240239130885
"327"	"ph_11844"	"AACY020562322"	0.955560550415351
"328"	"ph_1188"	"AACY020562322"	0.829786229353402
"329"	"ph_13708"	"AACY020562322"	0.952939164101701
"330"	"ph_15141"	"AACY020562322"	0.954321151096571
"331"	"ph_15150"	"AACY020562322"	0.95497896284106
"332"	"ph_15513"	"AACY020562322"	0.955979698469342
"333"	"ph_15759"	"AACY020562322"	0.889727629870853
"334"	"ph_16688"	"AACY020562322"	0.951399888928348
"335"	"ph_1703"	"AACY020562322"	0.88992426758114
"336"	"ph_1762"	"AACY020562322"	0.891800640762303
"337"	"ph_1774"	"AACY020562322"	0.957224776876571
"338"	"ph_18492"	"AACY020562322"	0.928724712643637
"339"	"ph_1855"	"AACY020562322"	0.944674729067011
"340"	"ph_1871"	"AACY020562322"	0.828476179749317
"341"	"ph_18855"	"AACY020562322"	0.908102691838291
"342"	"ph_193"	"AACY020562322"	0.846455097972753
"343"	"ph_1943"	"AACY020562322"	0.953837454179493
"344"	"ph_19612"	"AACY020562322"	0.940463385975956
"345"	"ph_1968"	"AACY020562322"	0.955649123950826
"346"	"ph_2017"	"AACY020562322"	0.929748744221979
"347"	"ph_2071"	"AACY020562322"	0.92842476430288
"348"	"ph_2143"	"AACY020562322"	0.954355363765738
"349"	"ph_2243"	"AACY020562322"	0.956317403915046
"350"	"ph_22655"	"AACY020562322"	0.946047683616801
"351"	"ph_2333"	"AACY020562322"	0.924721501191831
"352"	"ph_2360"	"AACY020562322"	0.952936960653228
"353"	"ph_2405"	"AACY020562322"	0.879298299640946
"354"	"ph_2418"	"AACY020562322"	0.990231082829987
"355"	"ph_2433"	"AACY020562322"	0.954136525066222
"356"	"ph_24577"	"AACY020562322"	0.887145726257264
"357"	"ph_2488"	"AACY020562322"	0.954015882383282
"358"	"ph_2757"	"AACY020562322"	0.954853332949451
"359"	"ph_2778"	"AACY020562322"	0.956577211880355
"360"	"ph_2844"	"AACY020562322"	0.955653027461373
"361"	"ph_2846"	"AACY020562322"	0.948788049395705
"362"	"ph_2850"	"AACY020562322"	0.949915574078628
"363"	"ph_2855"	"AACY020562322"	0.948238882259854
"364"	"ph_3024"	"AACY020562322"	0.953007956115712
"365"	"ph_3157"	"AACY020562322"	0.989574351880283
"366"	"ph_3183"	"AACY020562322"	0.956701145112914
"367"	"ph_3280"	"AACY020562322"	0.842577371053694
"368"	"ph_3287"	"AACY020562322"	0.911491825058788
"369"	"ph_3447"	"AACY020562322"	0.935988297155575
"370"	"ph_3504"	"AACY020562322"	0.953434331451353
"371"	"ph_36155"	"AACY020562322"	0.926758076389832
"372"	"ph_3621"	"AACY020562322"	0.958179923186253
"373"	"ph_3677"	"AACY020562322"	0.989116235986377
"374"	"ph_3681"	"AACY020562322"	0.98789413363216
"375"	"ph_3684"	"AACY020562322"	0.927534126162468
"376"	"ph_3817"	"AACY020562322"	0.956175793600187
"377"	"ph_3890"	"AACY020562322"	0.952147907695062
"378"	"ph_3914"	"AACY020562322"	0.955219943394916
"379"	"ph_424"	"AACY020562322"	0.807533084627287
"380"	"ph_4240"	"AACY020562322"	0.936978763860806
"381"	"ph_4327"	"AACY020562322"	0.952202665725156
"382"	"ph_4339"	"AACY020562322"	0.982452316555741
"383"	"ph_452"	"AACY020562322"	0.958141787321694
"384"	"ph_4530"	"AACY020562322"	0.947320467569652
"385"	"ph_4784"	"AACY020562322"	0.937812179784009
"386"	"ph_4805"	"AACY020562322"	0.971810386655832
"387"	"ph_4927"	"AACY020562322"	0.958150233120028
"388"	"ph_4929"	"AACY020562322"	0.952002202048633
"389"	"ph_5108"	"AACY020562322"	0.815832883614892
"390"	"ph_5249"	"AACY020562322"	0.956491425150294
"391"	"ph_5341"	"AACY020562322"	0.954198411115289
"392"	"ph_5346"	"AACY020562322"	0.941001897711127
"393"	"ph_5606"	"AACY020562322"	0.955456764121252
"394"	"ph_5609"	"AACY020562322"	0.939159976637119
"395"	"ph_5981"	"AACY020562322"	0.858492760437059
"396"	"ph_6235"	"AACY020562322"	0.95434058073399
"397"	"ph_6357"	"AACY020562322"	0.948032220387373
"398"	"ph_6384"	"AACY020562322"	0.928251247507036
"399"	"ph_6655"	"AACY020562322"	0.952463743038734
"400"	"ph_675"	"AACY020562322"	0.846876701515354
"401"	"ph_6780"	"AACY020562322"	0.828855042760878
"402"	"ph_6841"	"AACY020562322"	0.957267911098151
"403"	"ph_7134"	"AACY020562322"	0.951635743062032
"404"	"ph_7350"	"AACY020562322"	0.95280748942544
"405"	"ph_741"	"AACY020562322"	0.950753894751388
"406"	"ph_742"	"AACY020562322"	0.956064709134845
"407"	"ph_7878"	"AACY020562322"	0.957185647043834
"408"	"ph_8243"	"AACY020562322"	0.957248944381623
"409"	"ph_841"	"AACY020562322"	0.805721984533872
"410"	"ph_8462"	"AACY020562322"	0.953353662992759
"411"	"ph_8477"	"AACY020562322"	0.971007229427952
"412"	"ph_8869"	"AACY020562322"	0.952855858747751
"413"	"ph_8888"	"AACY020562322"	0.952052212385651
"414"	"ph_895"	"AACY020562322"	0.954617152202733
"415"	"ph_913"	"AACY020562322"	0.957064681915341
"416"	"ph_9606"	"AACY020562322"	0.955289156725287
"417"	"ph_966"	"AACY020562322"	0.917030075116168
"418"	"ph_9944"	"AACY020562322"	0.939868050866558
"419"	"ph_21467"	"AACY020564058"	0.848779713166892
"420"	"ph_22514"	"AACY020564058"	0.837765830702648
"421"	"ph_3999"	"AACY020564058"	0.822240302894681
"422"	"ph_121"	"AF098371"	0.830621816008115
"423"	"ph_134"	"AF098371"	0.820148925198728
"424"	"ph_155"	"AF098371"	0.828107284258333
"425"	"ph_157"	"AF098371"	0.819608321768765
"426"	"ph_164"	"AF098371"	0.821308007416067
"427"	"ph_171"	"AF098371"	0.840875265333343
"428"	"ph_176"	"AF098371"	0.839200317736323
"429"	"ph_189"	"AF098371"	0.82994829812691
"430"	"ph_197"	"AF098371"	0.831466184652593
"431"	"ph_20"	"AF098371"	0.830971014809746
"432"	"ph_218"	"AF098371"	0.827415917651144
"433"	"ph_236"	"AF098371"	0.826273047760367
"434"	"ph_239"	"AF098371"	0.824345182035014
"435"	"ph_335"	"AF098371"	0.862919393126511
"436"	"ph_357"	"AF098371"	0.86345055082531
"437"	"ph_362"	"AF098371"	0.818613914506963
"438"	"ph_363"	"AF098371"	0.858294247714086
"439"	"ph_374"	"AF098371"	0.823697701204245
"440"	"ph_387"	"AF098371"	0.842500768520686
"441"	"ph_397"	"AF098371"	0.863636729549232
"442"	"ph_428"	"AF098371"	0.829033984286321
"443"	"ph_449"	"AF098371"	0.825524941616068
"444"	"ph_51"	"AF098371"	0.825883205817125
"445"	"ph_53"	"AF098371"	0.824707737411222
"446"	"ph_531"	"AF098371"	0.817174566544228
"447"	"ph_601"	"AF098371"	0.825129836956723
"448"	"ph_608"	"AF098371"	0.815492957199739
"449"	"ph_64"	"AF098371"	0.814551505713064
"450"	"ph_68"	"AF098371"	0.828294756631346
"451"	"ph_72"	"AF098371"	0.826228204465664
"452"	"ph_74"	"AF098371"	0.823508713760742
"453"	"ph_89"	"AF098371"	0.829601583103579
"454"	"ph_93"	"AF098371"	0.824411641703228
"455"	"ph_11569"	"AJXC01007386"	0.917728641577209
"456"	"ph_1291"	"AJXC01007386"	0.821221523004914
"457"	"ph_1600"	"AJXC01007386"	0.83551949492133
"458"	"ph_2702"	"AJXC01007386"	0.807623395233253
"459"	"ph_5790"	"AJXC01007386"	0.809461173849647
"460"	"ph_5858"	"AJXC01007386"	0.806633191539781
"461"	"ph_5861"	"AJXC01007386"	0.874364648568722
"462"	"ph_7172"	"AJXC01007386"	0.872392679128347
"463"	"ph_7594"	"AJXC01007386"	0.869273082647312
"464"	"ph_7816"	"AJXC01007386"	0.843807418608124
"465"	"ph_784"	"AJXC01007386"	0.845113961929176
"466"	"ph_11145"	"AY534099"	0.933039197002451
"467"	"ph_11146"	"AY534099"	0.931988683219783
"468"	"ph_1142"	"AY534099"	0.932993444024177
"469"	"ph_1173"	"AY534099"	0.932114803087755
"470"	"ph_12212"	"AY534099"	0.93189207107724
"471"	"ph_12213"	"AY534099"	0.931927921026635
"472"	"ph_1230"	"AY534099"	0.932540110821834
"473"	"ph_1273"	"AY534099"	0.932920556915386
"474"	"ph_1274"	"AY534099"	0.932462345152344
"475"	"ph_1297"	"AY534099"	0.932849984121914
"476"	"ph_13591"	"AY534099"	0.931630675865564
"477"	"ph_1385"	"AY534099"	0.932665001291601
"478"	"ph_1412"	"AY534099"	0.840289144407724
"479"	"ph_1425"	"AY534099"	0.932965607517115
"480"	"ph_1471"	"AY534099"	0.932230875354691
"481"	"ph_1472"	"AY534099"	0.932564984896028
"482"	"ph_1473"	"AY534099"	0.932949198637546
"483"	"ph_14801"	"AY534099"	0.931304479974179
"484"	"ph_1505"	"AY534099"	0.93248182583008
"485"	"ph_1575"	"AY534099"	0.932541823519046
"486"	"ph_16274"	"AY534099"	0.931813393155458
"487"	"ph_1631"	"AY534099"	0.932840898424506
"488"	"ph_1693"	"AY534099"	0.932710364989581
"489"	"ph_1694"	"AY534099"	0.932322780851442
"490"	"ph_1695"	"AY534099"	0.93240544364822
"491"	"ph_1715"	"AY534099"	0.931470683697112
"492"	"ph_1725"	"AY534099"	0.932334128836605
"493"	"ph_1773"	"AY534099"	0.932610322701298
"494"	"ph_1795"	"AY534099"	0.932897615746363
"495"	"ph_1849"	"AY534099"	0.931870934826877
"496"	"ph_1924"	"AY534099"	0.932372000971473
"497"	"ph_1925"	"AY534099"	0.932733796591398
"498"	"ph_1926"	"AY534099"	0.9323838893703
"499"	"ph_1973"	"AY534099"	0.932577151189142
"500"	"ph_1998"	"AY534099"	0.932859907356824
"501"	"ph_2031"	"AY534099"	0.932795503624917
"502"	"ph_2032"	"AY534099"	0.932589411699646
"503"	"ph_2051"	"AY534099"	0.932479994107969
"504"	"ph_2061"	"AY534099"	0.93255134567154
"505"	"ph_2121"	"AY534099"	0.933301687806119
"506"	"ph_2122"	"AY534099"	0.933180842750807
"507"	"ph_2123"	"AY534099"	0.932133263734306
"508"	"ph_2165"	"AY534099"	0.932775641566034
"509"	"ph_2180"	"AY534099"	0.93305176372761
"510"	"ph_2192"	"AY534099"	0.932995944630733
"511"	"ph_2193"	"AY534099"	0.933231240287723
"512"	"ph_22428"	"AY534099"	0.931986162303219
"513"	"ph_22430"	"AY534099"	0.93059516922146
"514"	"ph_2278"	"AY534099"	0.932959422757613
"515"	"ph_2279"	"AY534099"	0.932777414228898
"516"	"ph_2280"	"AY534099"	0.932546031887552
"517"	"ph_2281"	"AY534099"	0.932393828675764
"518"	"ph_2282"	"AY534099"	0.932599061894874
"519"	"ph_2345"	"AY534099"	0.932753598192733
"520"	"ph_2452"	"AY534099"	0.932886552400005
"521"	"ph_2466"	"AY534099"	0.931979048473003
"522"	"ph_2467"	"AY534099"	0.93276564023025
"523"	"ph_2468"	"AY534099"	0.932862361218102
"524"	"ph_2469"	"AY534099"	0.93280231725765
"525"	"ph_2524"	"AY534099"	0.933723090356899
"526"	"ph_2533"	"AY534099"	0.932236059448207
"527"	"ph_2666"	"AY534099"	0.932194697296436
"528"	"ph_2681"	"AY534099"	0.933057710200998
"529"	"ph_2682"	"AY534099"	0.933223374755175
"530"	"ph_2806"	"AY534099"	0.932607750093007
"531"	"ph_2807"	"AY534099"	0.932469502454226
"532"	"ph_2954"	"AY534099"	0.93205843007502
"533"	"ph_2955"	"AY534099"	0.932414890188535
"534"	"ph_2956"	"AY534099"	0.932778772845405
"535"	"ph_2957"	"AY534099"	0.93223979738857
"536"	"ph_3028"	"AY534099"	0.933092604958408
"537"	"ph_3030"	"AY534099"	0.933117497233248
"538"	"ph_3096"	"AY534099"	0.932407546705035
"539"	"ph_3097"	"AY534099"	0.93256812808705
"540"	"ph_3098"	"AY534099"	0.932475775364798
"541"	"ph_3099"	"AY534099"	0.932688681505875
"542"	"ph_3240"	"AY534099"	0.93280297582324
"543"	"ph_3241"	"AY534099"	0.932878403829155
"544"	"ph_3405"	"AY534099"	0.932446447765751
"545"	"ph_3406"	"AY534099"	0.931616189694942
"546"	"ph_3407"	"AY534099"	0.93212795239443
"547"	"ph_3408"	"AY534099"	0.932600546152689
"548"	"ph_3557"	"AY534099"	0.932107707716053
"549"	"ph_3568"	"AY534099"	0.932914367313097
"550"	"ph_3569"	"AY534099"	0.93248169686679
"551"	"ph_3570"	"AY534099"	0.931903808190744
"552"	"ph_3571"	"AY534099"	0.932488408942125
"553"	"ph_3572"	"AY534099"	0.932568137705188
"554"	"ph_3573"	"AY534099"	0.932471539229554
"555"	"ph_3660"	"AY534099"	0.88867545950864
"556"	"ph_3711"	"AY534099"	0.932449769365436
"557"	"ph_3746"	"AY534099"	0.932649232047645
"558"	"ph_3767"	"AY534099"	0.932388545453353
"559"	"ph_3768"	"AY534099"	0.93274946893544
"560"	"ph_3769"	"AY534099"	0.932563455600867
"561"	"ph_3947"	"AY534099"	0.932052327434967
"562"	"ph_3978"	"AY534099"	0.932740764608854
"563"	"ph_3979"	"AY534099"	0.93283959497316
"564"	"ph_3980"	"AY534099"	0.93241470518393
"565"	"ph_3981"	"AY534099"	0.932526387439165
"566"	"ph_3983"	"AY534099"	0.932681503091214
"567"	"ph_4150"	"AY534099"	0.933180537528593
"568"	"ph_4151"	"AY534099"	0.932369717386359
"569"	"ph_4205"	"AY534099"	0.932370739633683
"570"	"ph_4206"	"AY534099"	0.931617931005377
"571"	"ph_4207"	"AY534099"	0.932951117318642
"572"	"ph_4208"	"AY534099"	0.931589820593199
"573"	"ph_4368"	"AY534099"	0.932338498860042
"574"	"ph_4441"	"AY534099"	0.932206665005419
"575"	"ph_4442"	"AY534099"	0.932281923279015
"576"	"ph_4443"	"AY534099"	0.932461384325506
"577"	"ph_4444"	"AY534099"	0.932300960950983
"578"	"ph_4445"	"AY534099"	0.932737487800817
"579"	"ph_4446"	"AY534099"	0.931864512438161
"580"	"ph_4447"	"AY534099"	0.932059174753538
"581"	"ph_4448"	"AY534099"	0.933072407248019
"582"	"ph_4449"	"AY534099"	0.932591666051546
"583"	"ph_4450"	"AY534099"	0.932254648786227
"584"	"ph_4452"	"AY534099"	0.931652756933525
"585"	"ph_4453"	"AY534099"	0.932255543023286
"586"	"ph_4480"	"AY534099"	0.933517638885464
"587"	"ph_4641"	"AY534099"	0.932598498106831
"588"	"ph_4712"	"AY534099"	0.932234949812985
"589"	"ph_4713"	"AY534099"	0.932681339050881
"590"	"ph_4714"	"AY534099"	0.932591754736724
"591"	"ph_4936"	"AY534099"	0.932028861751714
"592"	"ph_5026"	"AY534099"	0.931717437161331
"593"	"ph_5027"	"AY534099"	0.932777414108607
"594"	"ph_5029"	"AY534099"	0.932248804509171
"595"	"ph_533"	"AY534099"	0.932671063816799
"596"	"ph_5360"	"AY534099"	0.932691679609975
"597"	"ph_5361"	"AY534099"	0.931901489389255
"598"	"ph_5362"	"AY534099"	0.931740955245523
"599"	"ph_5573"	"AY534099"	0.932028932540793
"600"	"ph_5577"	"AY534099"	0.932548738054429
"601"	"ph_5595"	"AY534099"	0.932601661707361
"602"	"ph_5723"	"AY534099"	0.932483555491332
"603"	"ph_5724"	"AY534099"	0.931798978780065
"604"	"ph_5725"	"AY534099"	0.933453184123259
"605"	"ph_5727"	"AY534099"	0.931904761739207
"606"	"ph_5728"	"AY534099"	0.932838011195226
"607"	"ph_573"	"AY534099"	0.913151705156026
"608"	"ph_5730"	"AY534099"	0.932287574106217
"609"	"ph_588"	"AY534099"	0.93282718585604
"610"	"ph_5996"	"AY534099"	0.931874760783969
"611"	"ph_6109"	"AY534099"	0.931288178108709
"612"	"ph_6110"	"AY534099"	0.931873158354762
"613"	"ph_6111"	"AY534099"	0.932210614489304
"614"	"ph_6112"	"AY534099"	0.932427918012996
"615"	"ph_6113"	"AY534099"	0.932828627793017
"616"	"ph_6115"	"AY534099"	0.932355379522868
"617"	"ph_6424"	"AY534099"	0.93176177791877
"618"	"ph_6551"	"AY534099"	0.932283996305495
"619"	"ph_6555"	"AY534099"	0.932198285411976
"620"	"ph_661"	"AY534099"	0.909033103320092
"621"	"ph_674"	"AY534099"	0.941824281186464
"622"	"ph_684"	"AY534099"	0.910533691134443
"623"	"ph_6995"	"AY534099"	0.932346149629115
"624"	"ph_7000"	"AY534099"	0.931934965440201
"625"	"ph_737"	"AY534099"	0.932341424292349
"626"	"ph_7503"	"AY534099"	0.931982017264187
"627"	"ph_7504"	"AY534099"	0.931774101238812
"628"	"ph_7506"	"AY534099"	0.932781877777942
"629"	"ph_8064"	"AY534099"	0.932292552457112
"630"	"ph_8066"	"AY534099"	0.931274544303185
"631"	"ph_8067"	"AY534099"	0.932552741272122
"632"	"ph_8068"	"AY534099"	0.932016678206771
"633"	"ph_815"	"AY534099"	0.930484635791058
"634"	"ph_872"	"AY534099"	0.933467343692469
"635"	"ph_8727"	"AY534099"	0.932768884187097
"636"	"ph_886"	"AY534099"	0.932429565947342
"637"	"ph_890"	"AY534099"	0.912278219198178
"638"	"ph_892"	"AY534099"	0.933012001359125
"639"	"ph_907"	"AY534099"	0.911150997178283
"640"	"ph_943"	"AY534099"	0.932785874443589
"641"	"ph_9464"	"AY534099"	0.932967374862103
"642"	"ph_9465"	"AY534099"	0.932036142857403
"643"	"ph_1095"	"AY663941"	0.824977433519286
"644"	"ph_1186"	"AY663941"	0.871418383897528
"645"	"ph_1205"	"AY663941"	0.847820104615242
"646"	"ph_1392"	"AY663941"	0.832363653358273
"647"	"ph_1703"	"AY663941"	0.80057322045727
"648"	"ph_1808"	"AY663941"	0.808669617748135
"649"	"ph_3164"	"AY663941"	0.847084741495184
"650"	"ph_3901"	"AY663941"	0.802901028763084
"651"	"ph_407"	"AY663941"	0.813853380991221
"652"	"ph_4377"	"AY663941"	0.909652654412884
"653"	"ph_553"	"AY663941"	0.812229966018407
"654"	"ph_765"	"AY663941"	0.803888601052417
"655"	"ph_11569"	"AY663945"	0.845574023409116
"656"	"ph_1291"	"AY663945"	0.914833732936048
"657"	"ph_1359"	"AY663945"	0.874510031401601
"658"	"ph_1534"	"AY663945"	0.847100098292144
"659"	"ph_1600"	"AY663945"	0.904309888771207
"660"	"ph_1874"	"AY663945"	0.835773729078019
"661"	"ph_2465"	"AY663945"	0.825419880968628
"662"	"ph_2702"	"AY663945"	0.923822634707126
"663"	"ph_5453"	"AY663945"	0.857655643102176
"664"	"ph_5858"	"AY663945"	0.817643741566133
"665"	"ph_5861"	"AY663945"	0.876920984824195
"666"	"ph_7172"	"AY663945"	0.877071909176443
"667"	"ph_7816"	"AY663945"	0.804809238417441
"668"	"ph_900"	"AY663945"	0.83742775209557
"669"	"ph_908"	"AY663945"	0.818762416030562
"670"	"ph_1186"	"AY663999"	0.825217450315453
"671"	"ph_1205"	"AY663999"	0.811053038488628
"672"	"ph_1431"	"AY663999"	0.814865763799335
"673"	"ph_4377"	"AY663999"	0.879957649359868
"674"	"ph_6665"	"AY663999"	0.802116059813964
"675"	"ph_1095"	"AY664000"	0.819170372061934
"676"	"ph_1186"	"AY664000"	0.82001017310676
"677"	"ph_1205"	"AY664000"	0.821405279835966
"678"	"ph_1392"	"AY664000"	0.830117877358006
"679"	"ph_1808"	"AY664000"	0.808166116987352
"680"	"ph_3164"	"AY664000"	0.806562349023184
"681"	"ph_3901"	"AY664000"	0.804735160392613
"682"	"ph_407"	"AY664000"	0.813904666126705
"683"	"ph_4377"	"AY664000"	0.864810108998813
"684"	"ph_553"	"AY664000"	0.811680924563237
"685"	"ph_1095"	"AY664012"	0.859329297613476
"686"	"ph_1186"	"AY664012"	0.842900782632313
"687"	"ph_1205"	"AY664012"	0.849573797450965
"688"	"ph_1392"	"AY664012"	0.86817023466311
"689"	"ph_1808"	"AY664012"	0.830774850660916
"690"	"ph_2435"	"AY664012"	0.826683102195819
"691"	"ph_3164"	"AY664012"	0.854063358755762
"692"	"ph_3450"	"AY664012"	0.801546575667663
"693"	"ph_3901"	"AY664012"	0.843726912633267
"694"	"ph_407"	"AY664012"	0.855742261637704
"695"	"ph_4276"	"AY664012"	0.806030264502466
"696"	"ph_4358"	"AY664012"	0.811816564452697
"697"	"ph_4377"	"AY664012"	0.874006746246516
"698"	"ph_553"	"AY664012"	0.857457592308884
"699"	"ph_7661"	"AY664012"	0.803844374894284
"700"	"ph_1077"	"AY664083"	0.879822715895021
"701"	"ph_1146"	"AY664083"	0.814365277493684
"702"	"ph_1237"	"AY664083"	0.899121851613658
"703"	"ph_1312"	"AY664083"	0.829091144410617
"704"	"ph_1374"	"AY664083"	0.902699165831057
"705"	"ph_14587"	"AY664083"	0.819675114263433
"706"	"ph_14800"	"AY664083"	0.820889734806202
"707"	"ph_1561"	"AY664083"	0.845667824030925
"708"	"ph_1601"	"AY664083"	0.801023940304897
"709"	"ph_1619"	"AY664083"	0.835928769585374
"710"	"ph_1687"	"AY664083"	0.8500558808738
"711"	"ph_20075"	"AY664083"	0.809255009695937
"712"	"ph_2105"	"AY664083"	0.801020609218864
"713"	"ph_21720"	"AY664083"	0.8437265903126
"714"	"ph_2254"	"AY664083"	0.901566226687107
"715"	"ph_2350"	"AY664083"	0.856957425144845
"716"	"ph_2458"	"AY664083"	0.840219137471098
"717"	"ph_2470"	"AY664083"	0.850533419029023
"718"	"ph_2626"	"AY664083"	0.813116468224357
"719"	"ph_2677"	"AY664083"	0.842050397213209
"720"	"ph_2911"	"AY664083"	0.954790550523137
"721"	"ph_2917"	"AY664083"	0.890048090802417
"722"	"ph_2919"	"AY664083"	0.849781994101866
"723"	"ph_2921"	"AY664083"	0.823198590665281
"724"	"ph_2966"	"AY664083"	0.875045647719669
"725"	"ph_3050"	"AY664083"	0.851608220802614
"726"	"ph_3066"	"AY664083"	0.818582789877319
"727"	"ph_3070"	"AY664083"	0.843404705162378
"728"	"ph_318"	"AY664083"	0.933825022807138
"729"	"ph_3219"	"AY664083"	0.847130653634388
"730"	"ph_32287"	"AY664083"	0.851240656474216
"731"	"ph_32390"	"AY664083"	0.850465765228647
"732"	"ph_3242"	"AY664083"	0.843419050745875
"733"	"ph_3369"	"AY664083"	0.935636233507744
"734"	"ph_3531"	"AY664083"	0.898865406014297
"735"	"ph_3534"	"AY664083"	0.884945798342765
"736"	"ph_3542"	"AY664083"	0.885159262094246
"737"	"ph_3766"	"AY664083"	0.862443177701146
"738"	"ph_394"	"AY664083"	0.805752227574967
"739"	"ph_4100"	"AY664083"	0.821158722007013
"740"	"ph_4165"	"AY664083"	0.848242125643775
"741"	"ph_4380"	"AY664083"	0.908626465164127
"742"	"ph_4386"	"AY664083"	0.94627177531936
"743"	"ph_4393"	"AY664083"	0.868304436080774
"744"	"ph_4587"	"AY664083"	0.838887517581444
"745"	"ph_4655"	"AY664083"	0.877454413716461
"746"	"ph_487"	"AY664083"	0.833430274578569
"747"	"ph_4946"	"AY664083"	0.877531695027762
"748"	"ph_509"	"AY664083"	0.931469264152368
"749"	"ph_5265"	"AY664083"	0.911805577413083
"750"	"ph_6011"	"AY664083"	0.845674513214251
"751"	"ph_6439"	"AY664083"	0.907604217699797
"752"	"ph_6494"	"AY664083"	0.808046469276237
"753"	"ph_6800"	"AY664083"	0.903369689864145
"754"	"ph_6874"	"AY664083"	0.854572981243571
"755"	"ph_7371"	"AY664083"	0.806608405859581
"756"	"ph_9222"	"AY664083"	0.911245177400652
"757"	"ph_9998"	"AY664083"	0.935138654234338
"758"	"ph_986"	"AY664104"	0.834682475864817
"759"	"ph_1485"	"AY664189"	0.804787213591623
"760"	"ph_15193"	"AY664189"	0.805799326632894
"761"	"ph_1870"	"AY664189"	0.801851460595257
"762"	"ph_22728"	"AY664189"	0.82486487634515
"763"	"ph_2305"	"AY664189"	0.818416755079922
"764"	"ph_2337"	"AY664189"	0.813097271448346
"765"	"ph_2434"	"AY664189"	0.811299692772045
"766"	"ph_2711"	"AY664189"	0.808403801441738
"767"	"ph_4261"	"AY664189"	0.811710026763165
"768"	"ph_4801"	"AY664189"	0.811834571088281
"769"	"ph_4813"	"AY664189"	0.817766060966455
"770"	"ph_6695"	"AY664189"	0.817236930080419
"771"	"ph_7153"	"AY664189"	0.816586420805218
"772"	"ph_9185"	"AY664189"	0.814613874780035
"773"	"ph_115"	"AY726967"	0.906354209205238
"774"	"ph_116"	"AY726967"	0.901774405176144
"775"	"ph_13892"	"AY726967"	0.905912208947389
"776"	"ph_161"	"AY726967"	0.906419872904992
"777"	"ph_182"	"AY726967"	0.901123796596848
"778"	"ph_188"	"AY726967"	0.902083974752869
"779"	"ph_209"	"AY726967"	0.915810576378663
"780"	"ph_222"	"AY726967"	0.90637060188644
"781"	"ph_2391"	"AY726967"	0.974008190719298
"782"	"ph_243"	"AY726967"	0.902154746751394
"783"	"ph_253"	"AY726967"	0.888683036148541
"784"	"ph_3293"	"AY726967"	0.869961252216836
"785"	"ph_337"	"AY726967"	0.902367656388514
"786"	"ph_339"	"AY726967"	0.944410644016114
"787"	"ph_382"	"AY726967"	0.905221523344114
"788"	"ph_3856"	"AY726967"	0.912518029488697
"789"	"ph_392"	"AY726967"	0.899147485153674
"790"	"ph_451"	"AY726967"	0.892224025587999
"791"	"ph_614"	"AY726967"	0.90084055410894
"792"	"ph_7789"	"AY726967"	0.928916587289566
"793"	"ph_78"	"AY726967"	0.911131275424969
"794"	"ph_13136"	"DQ009141"	0.871327156983957
"795"	"ph_1376"	"DQ009141"	0.929034369334983
"796"	"ph_1561"	"DQ009141"	0.878444285346966
"797"	"ph_1728"	"DQ009141"	0.920680472655355
"798"	"ph_1908"	"DQ009141"	0.929771387062685
"799"	"ph_2172"	"DQ009141"	0.87069383659475
"800"	"ph_2346"	"DQ009141"	0.892590659667925
"801"	"ph_2626"	"DQ009141"	0.851289180761158
"802"	"ph_2739"	"DQ009141"	0.857687462421487
"803"	"ph_2916"	"DQ009141"	0.936022542755374
"804"	"ph_2919"	"DQ009141"	0.889093556841044
"805"	"ph_3066"	"DQ009141"	0.832247803135394
"806"	"ph_3067"	"DQ009141"	0.967135256169768
"807"	"ph_3368"	"DQ009141"	0.943205354029501
"808"	"ph_3373"	"DQ009141"	0.91853735090088
"809"	"ph_3530"	"DQ009141"	0.914978933022093
"810"	"ph_4160"	"DQ009141"	0.838767583752646
"811"	"ph_4379"	"DQ009141"	0.948024195172325
"812"	"ph_4381"	"DQ009141"	0.835828539572384
"813"	"ph_4384"	"DQ009141"	0.948549905447234
"814"	"ph_4647"	"DQ009141"	0.92718109510412
"815"	"ph_5617"	"DQ009141"	0.821724550205218
"816"	"ph_5625"	"DQ009141"	0.963179060754958
"817"	"ph_5631"	"DQ009141"	0.840499835231181
"818"	"ph_5635"	"DQ009141"	0.881142516180443
"819"	"ph_5636"	"DQ009141"	0.874197597500713
"820"	"ph_5639"	"DQ009141"	0.928136675168347
"821"	"ph_5642"	"DQ009141"	0.839151845031253
"822"	"ph_589"	"DQ009141"	0.84358276546293
"823"	"ph_5952"	"DQ009141"	0.968630451046537
"824"	"ph_6011"	"DQ009141"	0.837293428056377
"825"	"ph_6025"	"DQ009141"	0.870930802212571
"826"	"ph_6874"	"DQ009141"	0.811060126640116
"827"	"ph_6892"	"DQ009141"	0.922721679403403
"828"	"ph_8537"	"DQ009141"	0.955015058892887
"829"	"ph_1237"	"DQ009161"	0.807056807636933
"830"	"ph_1374"	"DQ009161"	0.814115629987634
"831"	"ph_2254"	"DQ009161"	0.814560576414586
"832"	"ph_2911"	"DQ009161"	0.868630018541386
"833"	"ph_318"	"DQ009161"	0.814748934050662
"834"	"ph_509"	"DQ009161"	0.81362657232026
"835"	"ph_589"	"DQ156479"	0.805630656463138
"836"	"ph_7594"	"DQ299286"	0.818664435617584
"837"	"ph_7816"	"DQ299286"	0.810675244634242
"838"	"ph_784"	"DQ299286"	0.825606999359726
"839"	"ph_1879"	"EF571973"	0.80316881180225
"840"	"ph_1954"	"EF571973"	0.924982552960047
"841"	"ph_2036"	"EF571973"	0.854364697378576
"842"	"ph_2517"	"EF571973"	0.826437099695942
"843"	"ph_299"	"EF571973"	0.949038405874003
"844"	"ph_883"	"EF571973"	0.809750687669735
"845"	"ph_896"	"EF571973"	0.844799969395444
"846"	"ph_1954"	"EF571982"	0.800776539748574
"847"	"ph_1237"	"EF572471"	0.834517191823204
"848"	"ph_1313"	"EF572471"	0.808551985909018
"849"	"ph_13192"	"EF572471"	0.898307246200997
"850"	"ph_1374"	"EF572471"	0.838974959516218
"851"	"ph_14587"	"EF572471"	0.85767697436156
"852"	"ph_1469"	"EF572471"	0.872253717655862
"853"	"ph_1561"	"EF572471"	0.855557692700625
"854"	"ph_1594"	"EF572471"	0.898141363552431
"855"	"ph_1619"	"EF572471"	0.932618920992426
"856"	"ph_1683"	"EF572471"	0.90614086753242
"857"	"ph_1908"	"EF572471"	0.832918562566847
"858"	"ph_2087"	"EF572471"	0.833594266049492
"859"	"ph_2118"	"EF572471"	0.857501909938332
"860"	"ph_2346"	"EF572471"	0.914278739341666
"861"	"ph_2350"	"EF572471"	0.939415147129813
"862"	"ph_2458"	"EF572471"	0.812433413423514
"863"	"ph_2677"	"EF572471"	0.828639386105014
"864"	"ph_2773"	"EF572471"	0.91960054708495
"865"	"ph_2911"	"EF572471"	0.869844818392262
"866"	"ph_2919"	"EF572471"	0.860388857167031
"867"	"ph_3050"	"EF572471"	0.810272535428876
"868"	"ph_318"	"EF572471"	0.81476889537143
"869"	"ph_3201"	"EF572471"	0.835725150506276
"870"	"ph_3530"	"EF572471"	0.925204015115237
"871"	"ph_4100"	"EF572471"	0.810894211298859
"872"	"ph_4165"	"EF572471"	0.938650227745585
"873"	"ph_4379"	"EF572471"	0.858832621849628
"874"	"ph_4380"	"EF572471"	0.875880946769043
"875"	"ph_4384"	"EF572471"	0.877368838775471
"876"	"ph_4409"	"EF572471"	0.912549412617494
"877"	"ph_4587"	"EF572471"	0.816029184405035
"878"	"ph_4646"	"EF572471"	0.888000018480903
"879"	"ph_4687"	"EF572471"	0.8437939648213
"880"	"ph_509"	"EF572471"	0.807039567098715
"881"	"ph_5617"	"EF572471"	0.810720455601849
"882"	"ph_5631"	"EF572471"	0.877476097828342
"883"	"ph_5668"	"EF572471"	0.842822360161786
"884"	"ph_6011"	"EF572471"	0.934340801120377
"885"	"ph_6025"	"EF572471"	0.871278926182653
"886"	"ph_6439"	"EF572471"	0.803737349339581
"887"	"ph_646"	"EF572471"	0.810746134359531
"888"	"ph_6951"	"EF572471"	0.914915875619194
"889"	"ph_1377"	"EF572587"	0.841302803546125
"890"	"ph_2918"	"EF572587"	0.808882322942163
"891"	"ph_1128"	"EF572710"	0.939129150800342
"892"	"ph_11386"	"EF572710"	0.933026437503002
"893"	"ph_11844"	"EF572710"	0.938295547560198
"894"	"ph_1188"	"EF572710"	0.842591215856714
"895"	"ph_13708"	"EF572710"	0.936479470754183
"896"	"ph_15141"	"EF572710"	0.935706852304988
"897"	"ph_15150"	"EF572710"	0.936046559913873
"898"	"ph_15513"	"EF572710"	0.939760387075388
"899"	"ph_15759"	"EF572710"	0.879182761373447
"900"	"ph_16688"	"EF572710"	0.932493535974568
"901"	"ph_1703"	"EF572710"	0.880424418307169
"902"	"ph_1762"	"EF572710"	0.880062217819898
"903"	"ph_1774"	"EF572710"	0.939751506670912
"904"	"ph_18492"	"EF572710"	0.915364866902926
"905"	"ph_1855"	"EF572710"	0.928478867574149
"906"	"ph_1871"	"EF572710"	0.822900528487652
"907"	"ph_18855"	"EF572710"	0.898492447613467
"908"	"ph_193"	"EF572710"	0.855244331935557
"909"	"ph_1943"	"EF572710"	0.935928250590712
"910"	"ph_19612"	"EF572710"	0.925591588132431
"911"	"ph_1968"	"EF572710"	0.93804310194539
"912"	"ph_2017"	"EF572710"	0.917492531263063
"913"	"ph_2071"	"EF572710"	0.910651592050174
"914"	"ph_2143"	"EF572710"	0.936599431596982
"915"	"ph_2243"	"EF572710"	0.938980646028776
"916"	"ph_22655"	"EF572710"	0.926364134305748
"917"	"ph_2333"	"EF572710"	0.916224296846973
"918"	"ph_2360"	"EF572710"	0.936875350006265
"919"	"ph_2405"	"EF572710"	0.887594471339903
"920"	"ph_2418"	"EF572710"	0.985698954522197
"921"	"ph_2433"	"EF572710"	0.936616312657121
"922"	"ph_24577"	"EF572710"	0.877065457580145
"923"	"ph_2488"	"EF572710"	0.936209171441048
"924"	"ph_2757"	"EF572710"	0.936461701101529
"925"	"ph_2778"	"EF572710"	0.938750770386498
"926"	"ph_2844"	"EF572710"	0.9380232657943
"927"	"ph_2846"	"EF572710"	0.934170060642206
"928"	"ph_2850"	"EF572710"	0.933118662013501
"929"	"ph_2855"	"EF572710"	0.931339318663844
"930"	"ph_2877"	"EF572710"	0.822982558240407
"931"	"ph_3024"	"EF572710"	0.934435375958328
"932"	"ph_3157"	"EF572710"	0.984040129069345
"933"	"ph_3183"	"EF572710"	0.93947634889113
"934"	"ph_3280"	"EF572710"	0.836938442003433
"935"	"ph_3287"	"EF572710"	0.898516565992178
"936"	"ph_3447"	"EF572710"	0.918289541021745
"937"	"ph_3504"	"EF572710"	0.934854070687839
"938"	"ph_36155"	"EF572710"	0.916803148443356
"939"	"ph_3621"	"EF572710"	0.941418917165114
"940"	"ph_3677"	"EF572710"	0.985579443708806
"941"	"ph_3681"	"EF572710"	0.980712017846211
"942"	"ph_3684"	"EF572710"	0.914349421311151
"943"	"ph_3817"	"EF572710"	0.940178951295557
"944"	"ph_3890"	"EF572710"	0.933597925678778
"945"	"ph_3914"	"EF572710"	0.936580735404192
"946"	"ph_4240"	"EF572710"	0.923407036837811
"947"	"ph_4327"	"EF572710"	0.933447709489758
"948"	"ph_4339"	"EF572710"	0.972596689891018
"949"	"ph_452"	"EF572710"	0.940805799288717
"950"	"ph_4530"	"EF572710"	0.927723076866909
"951"	"ph_4784"	"EF572710"	0.920715841459046
"952"	"ph_4805"	"EF572710"	0.957328649788712
"953"	"ph_4927"	"EF572710"	0.940677295536994
"954"	"ph_4929"	"EF572710"	0.933281434580003
"955"	"ph_5108"	"EF572710"	0.812517592064047
"956"	"ph_5249"	"EF572710"	0.939130506334854
"957"	"ph_5341"	"EF572710"	0.936991209604109
"958"	"ph_5346"	"EF572710"	0.924496358964291
"959"	"ph_5606"	"EF572710"	0.93802927842366
"960"	"ph_5609"	"EF572710"	0.926245036342472
"961"	"ph_5981"	"EF572710"	0.843511065452904
"962"	"ph_6235"	"EF572710"	0.937839345845447
"963"	"ph_6357"	"EF572710"	0.942531141288242
"964"	"ph_6384"	"EF572710"	0.916129860774742
"965"	"ph_6655"	"EF572710"	0.933236066858121
"966"	"ph_675"	"EF572710"	0.859726984593187
"967"	"ph_6780"	"EF572710"	0.854220224193538
"968"	"ph_6841"	"EF572710"	0.939394993011155
"969"	"ph_7134"	"EF572710"	0.932917535843475
"970"	"ph_7350"	"EF572710"	0.93421568883545
"971"	"ph_741"	"EF572710"	0.935795014030576
"972"	"ph_742"	"EF572710"	0.938421808711053
"973"	"ph_7878"	"EF572710"	0.939545249878304
"974"	"ph_8243"	"EF572710"	0.939254706775462
"975"	"ph_8462"	"EF572710"	0.934780546406833
"976"	"ph_8477"	"EF572710"	0.956177861456006
"977"	"ph_8869"	"EF572710"	0.937526106909512
"978"	"ph_8888"	"EF572710"	0.932786680708102
"979"	"ph_895"	"EF572710"	0.935921842745736
"980"	"ph_913"	"EF572710"	0.940245490821228
"981"	"ph_9606"	"EF572710"	0.9375150626405
"982"	"ph_966"	"EF572710"	0.901909739921915
"983"	"ph_9944"	"EF572710"	0.928147335796514
"984"	"ph_1359"	"EF573115"	0.826802478320853
"985"	"ph_1487"	"EF573369"	0.865687015186261
"986"	"ph_5861"	"EF573463"	0.807668237961528
"987"	"ph_7172"	"EF573463"	0.813185220021888
"988"	"ph_1359"	"EF574119"	0.872663904900598
"989"	"ph_6665"	"EF574119"	0.850605505558872
"990"	"ph_1402"	"EF574264"	0.856035091705643
"991"	"ph_15726"	"EF574264"	0.860589075967532
"992"	"ph_3628"	"EF574411"	0.81205988908613
"993"	"ph_58"	"EF574411"	0.803350727938775
"994"	"ph_299"	"EF574440"	0.806401889963899
"995"	"ph_11583"	"EF574484"	0.841537798180426
"996"	"ph_1186"	"EF574484"	0.909122333976461
"997"	"ph_1205"	"EF574484"	0.834376963788106
"998"	"ph_1392"	"EF574484"	0.831490690414307
"999"	"ph_16719"	"EF574484"	0.822831056870384
"1000"	"ph_1703"	"EF574484"	0.829239007740081
"1001"	"ph_1808"	"EF574484"	0.805794055359438
"1002"	"ph_24577"	"EF574484"	0.819054122941467
"1003"	"ph_3164"	"EF574484"	0.866683427661978
"1004"	"ph_3901"	"EF574484"	0.800818938768036
"1005"	"ph_407"	"EF574484"	0.811493875554866
"1006"	"ph_4276"	"EF574484"	0.806099747782223
"1007"	"ph_4377"	"EF574484"	0.936994391551701
"1008"	"ph_553"	"EF574484"	0.8105297486379
"1009"	"ph_6665"	"EF574484"	0.80453935180654
"1010"	"ph_765"	"EF574484"	0.81590406116153
"1011"	"ph_841"	"EF574484"	0.800380061459538
"1012"	"ph_2393"	"EU237468"	0.808580327860682
"1013"	"ph_3280"	"EU237468"	0.849905383177206
"1014"	"ph_5108"	"EU237468"	0.844683223287388
"1015"	"ph_11569"	"EU686616"	0.84856100618194
"1016"	"ph_7594"	"EU686616"	0.810954198235739
"1017"	"ph_784"	"EU686616"	0.808929306449914
"1018"	"ph_12362"	"EU686618"	0.932726634795462
"1019"	"ph_12363"	"EU686618"	0.936584633456452
"1020"	"ph_1247"	"EU686618"	0.862220194815045
"1021"	"ph_1277"	"EU686618"	0.849859903607682
"1022"	"ph_1427"	"EU686618"	0.863365492504602
"1023"	"ph_15039"	"EU686618"	0.927096872621846
"1024"	"ph_1531"	"EU686618"	0.913198034734244
"1025"	"ph_1648"	"EU686618"	0.899087897732227
"1026"	"ph_16481"	"EU686618"	0.933450543031804
"1027"	"ph_1800"	"EU686618"	0.857825762820795
"1028"	"ph_2008"	"EU686618"	0.942334700282134
"1029"	"ph_2126"	"EU686618"	0.926039495043294
"1030"	"ph_2140"	"EU686618"	0.914611886049284
"1031"	"ph_2142"	"EU686618"	0.91726658972137
"1032"	"ph_2286"	"EU686618"	0.93314483585866
"1033"	"ph_2297"	"EU686618"	0.917263440879551
"1034"	"ph_2485"	"EU686618"	0.918997126805931
"1035"	"ph_319"	"EU686618"	0.872693390680637
"1036"	"ph_3246"	"EU686618"	0.940076437904047
"1037"	"ph_3256"	"EU686618"	0.945434836066198
"1038"	"ph_33749"	"EU686618"	0.931929287393839
"1039"	"ph_3929"	"EU686618"	0.917901357524669
"1040"	"ph_3984"	"EU686618"	0.83958211599568
"1041"	"ph_4251"	"EU686618"	0.927577262847053
"1042"	"ph_4252"	"EU686618"	0.936958626914588
"1043"	"ph_430"	"EU686618"	0.867087693531852
"1044"	"ph_4434"	"EU686618"	0.861665305545843
"1045"	"ph_5043"	"EU686618"	0.934109647499881
"1046"	"ph_6178"	"EU686618"	0.925422786189802
"1047"	"ph_6185"	"EU686618"	0.932985763365618
"1048"	"ph_647"	"EU686618"	0.872141649516415
"1049"	"ph_6616"	"EU686618"	0.939088155617171
"1050"	"ph_6632"	"EU686618"	0.936128722842473
"1051"	"ph_7043"	"EU686618"	0.932784010542248
"1052"	"ph_8161"	"EU686618"	0.933623994914891
"1053"	"ph_8165"	"EU686618"	0.937412300732048
"1054"	"ph_8168"	"EU686618"	0.931325583534628
"1055"	"ph_1208"	"EU799440"	0.819348983415115
"1056"	"ph_1313"	"EU799440"	0.836814057411039
"1057"	"ph_13136"	"EU799440"	0.962135003028644
"1058"	"ph_1376"	"EU799440"	0.870966629746547
"1059"	"ph_1402"	"EU799440"	0.867328397732156
"1060"	"ph_1422"	"EU799440"	0.891916247222126
"1061"	"ph_14679"	"EU799440"	0.838063963009472
"1062"	"ph_1469"	"EU799440"	0.890828226613593
"1063"	"ph_1561"	"EU799440"	0.868901822991005
"1064"	"ph_15726"	"EU799440"	0.8478165320862
"1065"	"ph_1619"	"EU799440"	0.830938647004412
"1066"	"ph_1728"	"EU799440"	0.801204680233066
"1067"	"ph_1908"	"EU799440"	0.902952384337036
"1068"	"ph_1918"	"EU799440"	0.828976596681119
"1069"	"ph_2087"	"EU799440"	0.819590804471723
"1070"	"ph_2346"	"EU799440"	0.961780727116034
"1071"	"ph_2773"	"EU799440"	0.90176716555657
"1072"	"ph_2775"	"EU799440"	0.877683450736517
"1073"	"ph_2916"	"EU799440"	0.90556376703803
"1074"	"ph_2919"	"EU799440"	0.868073856093875
"1075"	"ph_3067"	"EU799440"	0.83358820903342
"1076"	"ph_3201"	"EU799440"	0.854834507240165
"1077"	"ph_3233"	"EU799440"	0.800910019864279
"1078"	"ph_3368"	"EU799440"	0.955000961416637
"1079"	"ph_3373"	"EU799440"	0.801811169570761
"1080"	"ph_3530"	"EU799440"	0.972448038028829
"1081"	"ph_3541"	"EU799440"	0.806194734236808
"1082"	"ph_4165"	"EU799440"	0.801243303847631
"1083"	"ph_4379"	"EU799440"	0.911937640670085
"1084"	"ph_4384"	"EU799440"	0.889927669461873
"1085"	"ph_4409"	"EU799440"	0.844377848535031
"1086"	"ph_4646"	"EU799440"	0.916127348315869
"1087"	"ph_4647"	"EU799440"	0.849843247799032
"1088"	"ph_4687"	"EU799440"	0.841253652638403
"1089"	"ph_5010"	"EU799440"	0.807807088501827
"1090"	"ph_5287"	"EU799440"	0.819711425523127
"1091"	"ph_5617"	"EU799440"	0.95551684124577
"1092"	"ph_5625"	"EU799440"	0.851967369369242
"1093"	"ph_5631"	"EU799440"	0.93784271298656
"1094"	"ph_5668"	"EU799440"	0.863604969046634
"1095"	"ph_5952"	"EU799440"	0.850033520934177
"1096"	"ph_6011"	"EU799440"	0.873164070073856
"1097"	"ph_6025"	"EU799440"	0.971236533337432
"1098"	"ph_646"	"EU799440"	0.815582444449105
"1099"	"ph_654"	"EU799440"	0.845058905470649
"1100"	"ph_8537"	"EU799440"	0.946632376533367
"1101"	"ph_675"	"EU802434"	0.801513825898268
"1102"	"ph_865"	"EU802434"	0.840523140577036
"1103"	"ph_1487"	"EU802437"	0.832547875591772
"1104"	"ph_27069"	"EU802437"	0.836905081025083
"1105"	"ph_7842"	"EU802437"	0.86416292377462
"1106"	"ph_11844"	"EU802543"	0.905535258819948
"1107"	"ph_1188"	"EU802543"	0.832344227453428
"1108"	"ph_1326"	"EU802543"	0.830818682985796
"1109"	"ph_13708"	"EU802543"	0.903477286108476
"1110"	"ph_1431"	"EU802543"	0.808058449457058
"1111"	"ph_15141"	"EU802543"	0.905592501006488
"1112"	"ph_15150"	"EU802543"	0.914413185887575
"1113"	"ph_15513"	"EU802543"	0.926104805250074
"1114"	"ph_15759"	"EU802543"	0.93865373699796
"1115"	"ph_16688"	"EU802543"	0.894890018052429
"1116"	"ph_16719"	"EU802543"	0.841034336642961
"1117"	"ph_1703"	"EU802543"	0.931105425473645
"1118"	"ph_1762"	"EU802543"	0.935728604180154
"1119"	"ph_1774"	"EU802543"	0.924357770610551
"1120"	"ph_18492"	"EU802543"	0.959400204277449
"1121"	"ph_1855"	"EU802543"	0.936397342198346
"1122"	"ph_18855"	"EU802543"	0.960996185353926
"1123"	"ph_193"	"EU802543"	0.902385992420019
"1124"	"ph_1943"	"EU802543"	0.897173033711784
"1125"	"ph_19612"	"EU802543"	0.944327374252779
"1126"	"ph_1968"	"EU802543"	0.90576681591331
"1127"	"ph_2017"	"EU802543"	0.908141268807934
"1128"	"ph_2071"	"EU802543"	0.940202047967931
"1129"	"ph_2143"	"EU802543"	0.899208877651073
"1130"	"ph_2243"	"EU802543"	0.906403653325354
"1131"	"ph_22655"	"EU802543"	0.885084294321637
"1132"	"ph_2333"	"EU802543"	0.955438052812852
"1133"	"ph_2360"	"EU802543"	0.919303211431278
"1134"	"ph_2418"	"EU802543"	0.942456326585299
"1135"	"ph_2433"	"EU802543"	0.929121889757149
"1136"	"ph_24577"	"EU802543"	0.92293998426832
"1137"	"ph_2488"	"EU802543"	0.898561037375434
"1138"	"ph_2757"	"EU802543"	0.902196064548618
"1139"	"ph_2778"	"EU802543"	0.915986200475674
"1140"	"ph_2844"	"EU802543"	0.921249784632345
"1141"	"ph_2846"	"EU802543"	0.935861250355206
"1142"	"ph_2850"	"EU802543"	0.904706761342511
"1143"	"ph_2855"	"EU802543"	0.902861968363846
"1144"	"ph_3024"	"EU802543"	0.896810939057258
"1145"	"ph_3157"	"EU802543"	0.952007142219211
"1146"	"ph_3183"	"EU802543"	0.908245664674592
"1147"	"ph_3280"	"EU802543"	0.851455898503401
"1148"	"ph_3287"	"EU802543"	0.943569172432765
"1149"	"ph_3447"	"EU802543"	0.9407781751862
"1150"	"ph_3504"	"EU802543"	0.898272841524213
"1151"	"ph_36155"	"EU802543"	0.941459360383714
"1152"	"ph_3621"	"EU802543"	0.920793730967519
"1153"	"ph_3677"	"EU802543"	0.943547997020188
"1154"	"ph_3681"	"EU802543"	0.964277685216931
"1155"	"ph_3684"	"EU802543"	0.953676286141483
"1156"	"ph_3817"	"EU802543"	0.928986388538114
"1157"	"ph_3890"	"EU802543"	0.892760076474364
"1158"	"ph_3914"	"EU802543"	0.905468086494258
"1159"	"ph_424"	"EU802543"	0.80049164349017
"1160"	"ph_4240"	"EU802543"	0.925833701824307
"1161"	"ph_4327"	"EU802543"	0.895660483111937
"1162"	"ph_4339"	"EU802543"	0.950000844553327
"1163"	"ph_452"	"EU802543"	0.921240152249615
"1164"	"ph_4530"	"EU802543"	0.888626154805218
"1165"	"ph_4784"	"EU802543"	0.945633562112469
"1166"	"ph_4805"	"EU802543"	0.933934587718789
"1167"	"ph_4927"	"EU802543"	0.918251031053115
"1168"	"ph_4929"	"EU802543"	0.894981952549771
"1169"	"ph_5108"	"EU802543"	0.837016549827443
"1170"	"ph_5249"	"EU802543"	0.907000441644187
"1171"	"ph_5341"	"EU802543"	0.901413364134027
"1172"	"ph_5346"	"EU802543"	0.908240658831048
"1173"	"ph_5606"	"EU802543"	0.904126248931027
"1174"	"ph_5609"	"EU802543"	0.940489785398093
"1175"	"ph_5981"	"EU802543"	0.900311334572901
"1176"	"ph_6235"	"EU802543"	0.902331119681564
"1177"	"ph_6357"	"EU802543"	0.963809590580427
"1178"	"ph_6384"	"EU802543"	0.955295122824241
"1179"	"ph_6655"	"EU802543"	0.902799358660547
"1180"	"ph_675"	"EU802543"	0.844457998709855
"1181"	"ph_6841"	"EU802543"	0.922342451664566
"1182"	"ph_7134"	"EU802543"	0.892665550664439
"1183"	"ph_7350"	"EU802543"	0.896087262376404
"1184"	"ph_741"	"EU802543"	0.933820098885277
"1185"	"ph_742"	"EU802543"	0.923284587293841
"1186"	"ph_7878"	"EU802543"	0.919558711542647
"1187"	"ph_8243"	"EU802543"	0.922532271098906
"1188"	"ph_841"	"EU802543"	0.885991772525191
"1189"	"ph_8462"	"EU802543"	0.897857238188025
"1190"	"ph_8477"	"EU802543"	0.935036090126172
"1191"	"ph_8869"	"EU802543"	0.933671661711464
"1192"	"ph_8888"	"EU802543"	0.901521112282102
"1193"	"ph_895"	"EU802543"	0.917703623474484
"1194"	"ph_913"	"EU802543"	0.914195253745225
"1195"	"ph_9606"	"EU802543"	0.931884919823592
"1196"	"ph_966"	"EU802543"	0.937863269786613
"1197"	"ph_9944"	"EU802543"	0.959990306415003
"1198"	"ph_13892"	"EU802606"	0.850423427041372
"1199"	"ph_3293"	"EU802606"	0.88551230272832
"1200"	"ph_3856"	"EU802606"	0.848002029160594
"1201"	"ph_451"	"EU802606"	0.850284618388612
"1202"	"ph_614"	"EU802606"	0.855983144323242
"1203"	"ph_7789"	"EU802606"	0.88249769985943
"1204"	"ph_3919"	"EU802700"	0.800949989302072
"1205"	"ph_5256"	"EU802700"	0.816128890187079
"1206"	"ph_1258"	"EU802707"	0.823827174153882
"1207"	"ph_1359"	"EU802707"	0.807624360571973
"1208"	"ph_1487"	"EU802803"	0.800023607232861
"1209"	"ph_21467"	"EU802803"	0.803838532039756
"1210"	"ph_1258"	"EU802833"	0.832260031010498
"1211"	"ph_1359"	"EU802833"	0.835896390203396
"1212"	"ph_811"	"EU802833"	0.827110306526731
"1213"	"ph_2911"	"EU802865"	0.838955946860296
"1214"	"ph_2917"	"EU802865"	0.844847075034439
"1215"	"ph_318"	"EU802865"	0.81081631005438
"1216"	"ph_3369"	"EU802865"	0.822139194687551
"1217"	"ph_3542"	"EU802865"	0.83912123101182
"1218"	"ph_4386"	"EU802865"	0.856556627401273
"1219"	"ph_4393"	"EU802865"	0.802081003010917
"1220"	"ph_4655"	"EU802865"	0.836492591096614
"1221"	"ph_4946"	"EU802865"	0.856920286709638
"1222"	"ph_509"	"EU802865"	0.815035522917375
"1223"	"ph_687"	"EU802865"	0.806529397924738
"1224"	"ph_7371"	"EU802865"	0.849796277745049
"1225"	"ph_7893"	"EU802865"	0.823685991706193
"1226"	"ph_9222"	"EU802865"	0.80100187706143
"1227"	"ph_9998"	"EU802865"	0.824784245918569
"1228"	"ph_1703"	"EU802893"	0.820455372187293
"1229"	"ph_18855"	"EU802893"	0.8177127451869
"1230"	"ph_193"	"EU802893"	0.936613500700188
"1231"	"ph_2393"	"EU802893"	0.809307140807418
"1232"	"ph_24577"	"EU802893"	0.819441176549509
"1233"	"ph_3164"	"EU802893"	0.803556558169201
"1234"	"ph_3280"	"EU802893"	0.810411729459381
"1235"	"ph_331"	"EU802893"	0.843376923454525
"1236"	"ph_36155"	"EU802893"	0.822378915060188
"1237"	"ph_408"	"EU802893"	0.807072279460226
"1238"	"ph_459"	"EU802893"	0.847086078219447
"1239"	"ph_5108"	"EU802893"	0.829277377838927
"1240"	"ph_5981"	"EU802893"	0.815298136953371
"1241"	"ph_675"	"EU802893"	0.873335287092615
"1242"	"ph_765"	"EU802893"	0.864897065099199
"1243"	"ph_1377"	"EU802971"	0.803477955194909
"1244"	"ph_3857"	"EU802971"	0.848163593066218
"1245"	"ph_968"	"EU802971"	0.905552996318214
"1246"	"ph_945"	"EU803067"	0.828828884018936
"1247"	"ph_1487"	"EU804641"	0.867357874834333
"1248"	"ph_13892"	"EU805091"	0.810202446794515
"1249"	"ph_3293"	"EU805091"	0.846447113302235
"1250"	"ph_7789"	"EU805091"	0.843558993606243
"1251"	"ph_13136"	"FJ745198"	0.823277197468218
"1252"	"ph_1469"	"FJ745198"	0.813446869795862
"1253"	"ph_1561"	"FJ745198"	0.814295658363233
"1254"	"ph_1619"	"FJ745198"	0.81377776175976
"1255"	"ph_1908"	"FJ745198"	0.84803949041757
"1256"	"ph_2087"	"FJ745198"	0.812959900350992
"1257"	"ph_2346"	"FJ745198"	0.88060770872748
"1258"	"ph_2773"	"FJ745198"	0.820349044122688
"1259"	"ph_2775"	"FJ745198"	0.820728237915514
"1260"	"ph_3201"	"FJ745198"	0.834055381804778
"1261"	"ph_3368"	"FJ745198"	0.835385341738924
"1262"	"ph_3530"	"FJ745198"	0.900610875595543
"1263"	"ph_4379"	"FJ745198"	0.847255311493612
"1264"	"ph_4384"	"FJ745198"	0.868642349787572
"1265"	"ph_4646"	"FJ745198"	0.821271877593952
"1266"	"ph_4647"	"FJ745198"	0.802466534648119
"1267"	"ph_5617"	"FJ745198"	0.833117526379528
"1268"	"ph_5631"	"FJ745198"	0.858491470067547
"1269"	"ph_5668"	"FJ745198"	0.802263236182068
"1270"	"ph_6011"	"FJ745198"	0.858320676935643
"1271"	"ph_6025"	"FJ745198"	0.887215949291226
"1272"	"ph_8537"	"FJ745198"	0.819886699953261
"1273"	"ph_1422"	"GQ346891"	0.819500648035283
"1274"	"ph_1469"	"GQ346891"	0.805496717224013
"1275"	"ph_2118"	"GQ346891"	0.813737043087423
"1276"	"ph_3201"	"GQ346891"	0.822572394346273
"1277"	"ph_3530"	"GQ346891"	0.802781467936364
"1278"	"ph_4409"	"GQ346891"	0.828381838745245
"1279"	"ph_4646"	"GQ346891"	0.818901450506892
"1280"	"ph_4687"	"GQ346891"	0.804614357158507
"1281"	"ph_5668"	"GQ346891"	0.805811114769976
"1282"	"ph_6025"	"GQ346891"	0.810488996110433
"1283"	"ph_6033"	"GQ346891"	0.823319079824263
"1284"	"ph_1392"	"GQ377772"	0.850545204750492
"1285"	"ph_1808"	"GQ377772"	0.83027199273272
"1286"	"ph_3164"	"GQ377772"	0.837689239282179
"1287"	"ph_3901"	"GQ377772"	0.824414486241971
"1288"	"ph_407"	"GQ377772"	0.833485073661571
"1289"	"ph_4377"	"GQ377772"	0.882575276757739
"1290"	"ph_553"	"GQ377772"	0.83061462073564
"1291"	"ph_765"	"GQ377772"	0.809403349114319
"1292"	"ph_7661"	"GQ377772"	0.801240713765238
"1293"	"ph_968"	"GU061415"	0.809026230080103
"1294"	"ph_21467"	"GU061453"	0.896340902342844
"1295"	"ph_27069"	"GU061453"	0.869225537083403
"1296"	"ph_3999"	"GU061453"	0.809290925931638
"1297"	"ph_1431"	"GU061586"	0.821236789965251
"1298"	"ph_3164"	"GU061586"	0.817346437467725
"1299"	"ph_4377"	"GU061586"	0.897569570567178
"1300"	"ph_6665"	"GU061586"	0.810266629520262
"1301"	"ph_1392"	"GU119298"	0.873012797663206
"1302"	"ph_16719"	"GU119298"	0.803323172397109
"1303"	"ph_1703"	"GU119298"	0.843101879161523
"1304"	"ph_1808"	"GU119298"	0.856076563050262
"1305"	"ph_1871"	"GU119298"	0.814176083665726
"1306"	"ph_2435"	"GU119298"	0.80462562048223
"1307"	"ph_24577"	"GU119298"	0.840138375799532
"1308"	"ph_3164"	"GU119298"	0.876583143977409
"1309"	"ph_36155"	"GU119298"	0.808932866068948
"1310"	"ph_3901"	"GU119298"	0.844437064975412
"1311"	"ph_407"	"GU119298"	0.853680187665753
"1312"	"ph_4377"	"GU119298"	0.921681114534085
"1313"	"ph_553"	"GU119298"	0.84978425176175
"1314"	"ph_675"	"GU119298"	0.815728912509457
"1315"	"ph_765"	"GU119298"	0.832518933194578
"1316"	"ph_7661"	"GU119298"	0.81138175136431
"1317"	"ph_3267"	"GU145420"	0.835223689978371
"1318"	"ph_864"	"GU145420"	0.801040804156179
"1319"	"ph_1422"	"GU235302"	0.806607683634399
"1320"	"ph_1469"	"GU235302"	0.829546342045819
"1321"	"ph_2346"	"GU235302"	0.828076741661872
"1322"	"ph_2773"	"GU235302"	0.817769031187093
"1323"	"ph_3201"	"GU235302"	0.830719656042774
"1324"	"ph_3530"	"GU235302"	0.840514776011451
"1325"	"ph_4409"	"GU235302"	0.804935268764829
"1326"	"ph_4646"	"GU235302"	0.832926414407751
"1327"	"ph_4687"	"GU235302"	0.817053869027238
"1328"	"ph_5617"	"GU235302"	0.821027354628619
"1329"	"ph_5668"	"GU235302"	0.825776381605508
"1330"	"ph_6025"	"GU235302"	0.85105060187458
"1331"	"ph_13481"	"GU940773"	0.883523470753544
"1332"	"ph_13902"	"GU940773"	0.874891919010766
"1333"	"ph_13974"	"GU940773"	0.873305305730419
"1334"	"ph_15881"	"GU940773"	0.845622569634979
"1335"	"ph_1662"	"GU940773"	0.894474405915181
"1336"	"ph_17206"	"GU940773"	0.862741282764736
"1337"	"ph_1727"	"GU940773"	0.892289458834614
"1338"	"ph_17617"	"GU940773"	0.857034501318665
"1339"	"ph_18998"	"GU940773"	0.881415842471116
"1340"	"ph_20662"	"GU940773"	0.884555745137481
"1341"	"ph_21056"	"GU940773"	0.892098124253087
"1342"	"ph_21152"	"GU940773"	0.890717782885328
"1343"	"ph_2402"	"GU940773"	0.887545329758919
"1344"	"ph_25845"	"GU940773"	0.88992799319001
"1345"	"ph_28685"	"GU940773"	0.87962489064809
"1346"	"ph_2952"	"GU940773"	0.866791096716061
"1347"	"ph_3150"	"GU940773"	0.902951989501893
"1348"	"ph_3175"	"GU940773"	0.892062206050114
"1349"	"ph_3204"	"GU940773"	0.842245954787608
"1350"	"ph_3311"	"GU940773"	0.897433289857678
"1351"	"ph_3477"	"GU940773"	0.893522004241629
"1352"	"ph_3537"	"GU940773"	0.888223491087274
"1353"	"ph_3772"	"GU940773"	0.857751962602749
"1354"	"ph_4072"	"GU940773"	0.884109382806253
"1355"	"ph_5484"	"GU940773"	0.89201781156618
"1356"	"ph_5516"	"GU940773"	0.841680923302275
"1357"	"ph_5518"	"GU940773"	0.890019193648394
"1358"	"ph_697"	"GU940773"	0.853026228656115
"1359"	"ph_7186"	"GU940773"	0.840816580040903
"1360"	"ph_734"	"GU940773"	0.846470723249707
"1361"	"ph_7518"	"GU940773"	0.840070301450878
"1362"	"ph_7520"	"GU940773"	0.87319859403784
"1363"	"ph_7906"	"GU940773"	0.865457981147676
"1364"	"ph_8315"	"GU940773"	0.862490357900012
"1365"	"ph_8318"	"GU940773"	0.875694715853121
"1366"	"ph_8971"	"GU940773"	0.893623759519304
"1367"	"ph_9237"	"GU940773"	0.889410210964202
"1368"	"ph_9457"	"GU940773"	0.868017197050293
"1369"	"ph_675"	"GU940846"	0.818990383436204
"1370"	"ph_299"	"GU940897"	0.846478836803522
"1371"	"ph_968"	"GU940897"	0.821357248455317
"1372"	"ph_1392"	"GU941055"	0.849872389007862
"1373"	"ph_1808"	"GU941055"	0.820177025267621
"1374"	"ph_2435"	"GU941055"	0.806205690241654
"1375"	"ph_3164"	"GU941055"	0.813122391356841
"1376"	"ph_3901"	"GU941055"	0.827838507645603
"1377"	"ph_407"	"GU941055"	0.837764066050805
"1378"	"ph_4377"	"GU941055"	0.838668011587896
"1379"	"ph_553"	"GU941055"	0.837276936970975
"1380"	"ph_13481"	"HQ671891"	0.932032093064278
"1381"	"ph_13902"	"HQ671891"	0.918085449800082
"1382"	"ph_13974"	"HQ671891"	0.923855112457465
"1383"	"ph_15881"	"HQ671891"	0.892938991118495
"1384"	"ph_1662"	"HQ671891"	0.944327763854586
"1385"	"ph_17206"	"HQ671891"	0.912606330181425
"1386"	"ph_1727"	"HQ671891"	0.93330982023173
"1387"	"ph_17617"	"HQ671891"	0.906237801877853
"1388"	"ph_18998"	"HQ671891"	0.931127820441984
"1389"	"ph_20662"	"HQ671891"	0.927142860246776
"1390"	"ph_21056"	"HQ671891"	0.932631435163021
"1391"	"ph_21152"	"HQ671891"	0.932371105860062
"1392"	"ph_2125"	"HQ671891"	0.818147737055676
"1393"	"ph_2402"	"HQ671891"	0.926550763634107
"1394"	"ph_25845"	"HQ671891"	0.932402867322809
"1395"	"ph_28685"	"HQ671891"	0.925631458279414
"1396"	"ph_2952"	"HQ671891"	0.920945082298296
"1397"	"ph_3150"	"HQ671891"	0.95590238578552
"1398"	"ph_3175"	"HQ671891"	0.934186483258078
"1399"	"ph_3204"	"HQ671891"	0.88972320582977
"1400"	"ph_3311"	"HQ671891"	0.934913715637906
"1401"	"ph_3477"	"HQ671891"	0.927197605734519
"1402"	"ph_3537"	"HQ671891"	0.93100618651923
"1403"	"ph_3538"	"HQ671891"	0.830398391396874
"1404"	"ph_3544"	"HQ671891"	0.835936081679511
"1405"	"ph_3772"	"HQ671891"	0.913826323929026
"1406"	"ph_4072"	"HQ671891"	0.933593773509443
"1407"	"ph_4199"	"HQ671891"	0.859063856200501
"1408"	"ph_5484"	"HQ671891"	0.935466162429822
"1409"	"ph_5516"	"HQ671891"	0.89139712079409
"1410"	"ph_5518"	"HQ671891"	0.932230859704628
"1411"	"ph_697"	"HQ671891"	0.905876519686417
"1412"	"ph_7186"	"HQ671891"	0.890600995813457
"1413"	"ph_734"	"HQ671891"	0.893571185417053
"1414"	"ph_7518"	"HQ671891"	0.889998265007916
"1415"	"ph_7520"	"HQ671891"	0.926874293737621
"1416"	"ph_7906"	"HQ671891"	0.913671010093106
"1417"	"ph_7980"	"HQ671891"	0.82474930559863
"1418"	"ph_8315"	"HQ671891"	0.936581237284139
"1419"	"ph_8318"	"HQ671891"	0.917479041785507
"1420"	"ph_8971"	"HQ671891"	0.936089620988743
"1421"	"ph_9237"	"HQ671891"	0.931883081675644
"1422"	"ph_9457"	"HQ671891"	0.916714415441082
"1423"	"ph_22728"	"HQ671905"	0.820688512025379
"1424"	"ph_21467"	"HQ672720"	0.811750669792675
"1425"	"ph_3999"	"HQ672720"	0.803797817850491
"1426"	"ph_1367"	"HQ672889"	0.835679653766395
"1427"	"ph_1452"	"HQ672889"	0.83321837889615
"1428"	"ph_1458"	"HQ672889"	0.833280272526686
"1429"	"ph_1600"	"HQ672889"	0.927011619909866
"1430"	"ph_1723"	"HQ672889"	0.832431910862684
"1431"	"ph_1767"	"HQ672889"	0.831255681248103
"1432"	"ph_1895"	"HQ672889"	0.838360846035165
"1433"	"ph_1903"	"HQ672889"	0.838396678795048
"1434"	"ph_2159"	"HQ672889"	0.837181285557887
"1435"	"ph_2273"	"HQ672889"	0.895505522138622
"1436"	"ph_2424"	"HQ672889"	0.832991302839689
"1437"	"ph_2465"	"HQ672889"	0.828191103565289
"1438"	"ph_2702"	"HQ672889"	0.889193196476943
"1439"	"ph_3042"	"HQ672889"	0.835595064883984
"1440"	"ph_3111"	"HQ672889"	0.835631920118202
"1441"	"ph_5453"	"HQ672889"	0.816110678256605
"1442"	"ph_5790"	"HQ672889"	0.820839983437646
"1443"	"ph_5858"	"HQ672889"	0.845225716466802
"1444"	"ph_5861"	"HQ672889"	0.800355368878226
"1445"	"ph_7594"	"HQ672889"	0.868130886724376
"1446"	"ph_7816"	"HQ672889"	0.824938271742296
"1447"	"ph_900"	"HQ672889"	0.844249324272986
"1448"	"ph_971"	"HQ672889"	0.832768417972642
"1449"	"ph_1359"	"JN166197"	0.816149275390052
"1450"	"ph_1600"	"JN166197"	0.836358633167677
"1451"	"ph_2702"	"JN166197"	0.852595227679033
"1452"	"ph_5861"	"JN166197"	0.846717823435096
"1453"	"ph_7172"	"JN166197"	0.847038889386527
"1454"	"ph_1487"	"JN547476"	0.806052190760416
"1455"	"ph_636"	"JN547476"	0.82233663780748
"1456"	"ph_864"	"JN547476"	0.810870127273783
"1457"	"ph_1376"	"JQ347414"	0.846264894595522
"1458"	"ph_1422"	"JQ347414"	0.841386143996607
"1459"	"ph_14679"	"JQ347414"	0.908930492498546
"1460"	"ph_1469"	"JQ347414"	0.911628674722745
"1461"	"ph_1572"	"JQ347414"	0.834509080570657
"1462"	"ph_16045"	"JQ347414"	0.831030957251025
"1463"	"ph_1909"	"JQ347414"	0.865122632379506
"1464"	"ph_1918"	"JQ347414"	0.90815684975018
"1465"	"ph_19894"	"JQ347414"	0.825450699494585
"1466"	"ph_2087"	"JQ347414"	0.842713949536312
"1467"	"ph_2108"	"JQ347414"	0.82854298536498
"1468"	"ph_2117"	"JQ347414"	0.82381533951856
"1469"	"ph_2231"	"JQ347414"	0.815575767292535
"1470"	"ph_2346"	"JQ347414"	0.942110939904175
"1471"	"ph_2363"	"JQ347414"	0.808259229532307
"1472"	"ph_2773"	"JQ347414"	0.888508301994298
"1473"	"ph_2775"	"JQ347414"	0.939133270789565
"1474"	"ph_2798"	"JQ347414"	0.856537736401846
"1475"	"ph_3201"	"JQ347414"	0.890815112804831
"1476"	"ph_3217"	"JQ347414"	0.841174396538663
"1477"	"ph_3233"	"JQ347414"	0.865655723855141
"1478"	"ph_3336"	"JQ347414"	0.850368243625318
"1479"	"ph_3368"	"JQ347414"	0.923221678362565
"1480"	"ph_3493"	"JQ347414"	0.814779012261484
"1481"	"ph_3530"	"JQ347414"	0.922538608550516
"1482"	"ph_3541"	"JQ347414"	0.895877604038463
"1483"	"ph_3892"	"JQ347414"	0.803440301437993
"1484"	"ph_4194"	"JQ347414"	0.81795901981236
"1485"	"ph_4384"	"JQ347414"	0.803372182248135
"1486"	"ph_4602"	"JQ347414"	0.822672539035886
"1487"	"ph_4646"	"JQ347414"	0.898050730653607
"1488"	"ph_4678"	"JQ347414"	0.830861574057888
"1489"	"ph_4687"	"JQ347414"	0.88350245614511
"1490"	"ph_484"	"JQ347414"	0.820652517812396
"1491"	"ph_4993"	"JQ347414"	0.841537604954605
"1492"	"ph_4999"	"JQ347414"	0.846207745913939
"1493"	"ph_5001"	"JQ347414"	0.861364759057104
"1494"	"ph_5010"	"JQ347414"	0.893897452312629
"1495"	"ph_5286"	"JQ347414"	0.866462079087377
"1496"	"ph_5287"	"JQ347414"	0.903857115418139
"1497"	"ph_5302"	"JQ347414"	0.864765331470695
"1498"	"ph_5321"	"JQ347414"	0.825584223437564
"1499"	"ph_5617"	"JQ347414"	0.954177581596804
"1500"	"ph_5643"	"JQ347414"	0.846867965390893
"1501"	"ph_5668"	"JQ347414"	0.905223865592564
"1502"	"ph_6025"	"JQ347414"	0.956778555791974
"1503"	"ph_6441"	"JQ347414"	0.870244204128026
"1504"	"ph_646"	"JQ347414"	0.910173894203601
"1505"	"ph_654"	"JQ347414"	0.906666517655723
"1506"	"ph_6954"	"JQ347414"	0.823399000017591
"1507"	"ph_7389"	"JQ347414"	0.86158173572052
"1508"	"ph_7920"	"JQ347414"	0.832811501469392
"1509"	"ph_8002"	"JQ347414"	0.843095506947149
"1510"	"ph_8039"	"JQ347414"	0.839280001104874
"1511"	"ph_8537"	"JQ347414"	0.891408321684992
"1512"	"ph_8695"	"JQ347414"	0.841914500016537
"1513"	"ph_15039"	"U40238"	0.812613319788038
"1514"	"ph_16481"	"U40238"	0.817994138963364
"1515"	"ph_2008"	"U40238"	0.840947990171707
"1516"	"ph_2126"	"U40238"	0.813086952055301
"1517"	"ph_2286"	"U40238"	0.821997232774784
"1518"	"ph_3246"	"U40238"	0.832486353241128
"1519"	"ph_3256"	"U40238"	0.808816092011039
"1520"	"ph_33749"	"U40238"	0.820974314691588
"1521"	"ph_4251"	"U40238"	0.815511048434795
"1522"	"ph_4252"	"U40238"	0.816691003564292
"1523"	"ph_5043"	"U40238"	0.824879194933891
"1524"	"ph_6178"	"U40238"	0.801999571715915
"1525"	"ph_6185"	"U40238"	0.819132295659166
"1526"	"ph_6616"	"U40238"	0.821968374926701
"1527"	"ph_6632"	"U40238"	0.805078581149578
"1528"	"ph_7043"	"U40238"	0.821487351328105
"1529"	"ph_8161"	"U40238"	0.818695584428124
"1530"	"ph_8165"	"U40238"	0.815468763395638
"1531"	"ph_8168"	"U40238"	0.829884461730125
"1532"	"ph_1779"	"X52169"	0.804279686127981
"1533"	"ph_2222"	"X52169"	0.810440530670506
"1534"	"ph_2253"	"X52169"	0.833014113840029
"1535"	"ph_2626"	"X52169"	0.825367150548932
"1536"	"ph_2739"	"X52169"	0.809175388318707
"1537"	"ph_2921"	"X52169"	0.829669903767098
"1538"	"ph_3059"	"X52169"	0.83617498321575
"1539"	"ph_3066"	"X52169"	0.817088125201431
"1540"	"ph_3360"	"X52169"	0.916548170398287
"1541"	"ph_4381"	"X52169"	0.828965201114256
"1542"	"ph_5642"	"X52169"	0.810631143454321
"1543"	"ph_7369"	"X52169"	0.823415801438433
"1544"	"ph_7902"	"X52169"	0.828097296341653
